{"v":"5.6.1","fr":60,"ip":0,"op":180,"w":1080,"h":1080,"nm":"Comp 1","ddd":0,"assets":[],"layers":[{"ddd":0,"ind":1,"ty":4,"nm":"Shape Layer 5","sr":1,"ks":{"o":{"a":0,"k":100,"ix":11},"r":{"a":0,"k":99,"ix":10},"p":{"a":0,"k":[739,215.5,0],"ix":2},"a":{"a":0,"k":[71,-366.5,0],"ix":1},"s":{"a":0,"k":[100,100,100],"ix":6}},"ao":0,"shapes":[{"ty":"gr","it":[{"ind":0,"ty":"sh","ix":1,"ks":{"a":0,"k":{"i":[[0,0],[0,0]],"o":[[0,0],[0,0]],"v":[[83,-350],[59,-383]],"c":false},"ix":2},"nm":"Path 1","mn":"ADBE Vector Shape - Group","hd":false},{"ty":"st","c":{"a":0,"k":[0,0,0,1],"ix":3},"o":{"a":0,"k":100,"ix":4},"w":{"a":0,"k":6,"ix":5},"lc":2,"lj":1,"ml":4,"bm":0,"nm":"Stroke 1","mn":"ADBE Vector Graphic - Stroke","hd":false},{"ty":"fl","c":{"a":0,"k":[1,1,1,1],"ix":4},"o":{"a":0,"k":100,"ix":5},"r":1,"bm":0,"nm":"Fill 1","mn":"ADBE Vector Graphic - Fill","hd":false},{"ty":"tr","p":{"a":0,"k":[0,0],"ix":2},"a":{"a":0,"k":[0,0],"ix":1},"s":{"a":0,"k":[100,100],"ix":3},"r":{"a":0,"k":0,"ix":6},"o":{"a":0,"k":100,"ix":7},"sk":{"a":0,"k":0,"ix":4},"sa":{"a":0,"k":0,"ix":5},"nm":"Transform"}],"nm":"Shape 1","np":3,"cix":2,"bm":0,"ix":1,"mn":"ADBE Vector Group","hd":false},{"ty":"tm","s":{"a":1,"k":[{"i":{"x":[0.667],"y":[1]},"o":{"x":[0.333],"y":[0]},"t":122,"s":[0]},{"t":132,"s":[100]}],"ix":1},"e":{"a":1,"k":[{"i":{"x":[0.667],"y":[1]},"o":{"x":[0.333],"y":[0]},"t":117,"s":[0]},{"t":128,"s":[100]}],"ix":2},"o":{"a":0,"k":0,"ix":3},"m":1,"ix":2,"nm":"Trim Paths 1","mn":"ADBE Vector Filter - Trim","hd":false}],"ip":0,"op":900,"st":0,"bm":0},{"ddd":0,"ind":2,"ty":4,"nm":"Shape Layer 4","sr":1,"ks":{"o":{"a":0,"k":100,"ix":11},"r":{"a":0,"k":53,"ix":10},"p":{"a":0,"k":[685,166.5,0],"ix":2},"a":{"a":0,"k":[71,-366.5,0],"ix":1},"s":{"a":0,"k":[100,100,100],"ix":6}},"ao":0,"shapes":[{"ty":"gr","it":[{"ind":0,"ty":"sh","ix":1,"ks":{"a":0,"k":{"i":[[0,0],[0,0]],"o":[[0,0],[0,0]],"v":[[83,-350],[59,-383]],"c":false},"ix":2},"nm":"Path 1","mn":"ADBE Vector Shape - Group","hd":false},{"ty":"st","c":{"a":0,"k":[0,0,0,1],"ix":3},"o":{"a":0,"k":100,"ix":4},"w":{"a":0,"k":6,"ix":5},"lc":2,"lj":1,"ml":4,"bm":0,"nm":"Stroke 1","mn":"ADBE Vector Graphic - Stroke","hd":false},{"ty":"fl","c":{"a":0,"k":[1,1,1,1],"ix":4},"o":{"a":0,"k":100,"ix":5},"r":1,"bm":0,"nm":"Fill 1","mn":"ADBE Vector Graphic - Fill","hd":false},{"ty":"tr","p":{"a":0,"k":[0,0],"ix":2},"a":{"a":0,"k":[0,0],"ix":1},"s":{"a":0,"k":[100,100],"ix":3},"r":{"a":0,"k":0,"ix":6},"o":{"a":0,"k":100,"ix":7},"sk":{"a":0,"k":0,"ix":4},"sa":{"a":0,"k":0,"ix":5},"nm":"Transform"}],"nm":"Shape 1","np":3,"cix":2,"bm":0,"ix":1,"mn":"ADBE Vector Group","hd":false},{"ty":"tm","s":{"a":1,"k":[{"i":{"x":[0.667],"y":[1]},"o":{"x":[0.333],"y":[0]},"t":122,"s":[0]},{"t":132,"s":[100]}],"ix":1},"e":{"a":1,"k":[{"i":{"x":[0.667],"y":[1]},"o":{"x":[0.333],"y":[0]},"t":117,"s":[0]},{"t":128,"s":[100]}],"ix":2},"o":{"a":0,"k":0,"ix":3},"m":1,"ix":2,"nm":"Trim Paths 1","mn":"ADBE Vector Filter - Trim","hd":false}],"ip":0,"op":900,"st":0,"bm":0},{"ddd":0,"ind":3,"ty":4,"nm":"Shape Layer 3","sr":1,"ks":{"o":{"a":0,"k":100,"ix":11},"r":{"a":0,"k":0,"ix":10},"p":{"a":0,"k":[611,173.5,0],"ix":2},"a":{"a":0,"k":[71,-366.5,0],"ix":1},"s":{"a":0,"k":[100,100,100],"ix":6}},"ao":0,"shapes":[{"ty":"gr","it":[{"ind":0,"ty":"sh","ix":1,"ks":{"a":0,"k":{"i":[[0,0],[0,0]],"o":[[0,0],[0,0]],"v":[[83,-350],[59,-383]],"c":false},"ix":2},"nm":"Path 1","mn":"ADBE Vector Shape - Group","hd":false},{"ty":"st","c":{"a":0,"k":[0,0,0,1],"ix":3},"o":{"a":0,"k":100,"ix":4},"w":{"a":0,"k":6,"ix":5},"lc":2,"lj":1,"ml":4,"bm":0,"nm":"Stroke 1","mn":"ADBE Vector Graphic - Stroke","hd":false},{"ty":"fl","c":{"a":0,"k":[1,1,1,1],"ix":4},"o":{"a":0,"k":100,"ix":5},"r":1,"bm":0,"nm":"Fill 1","mn":"ADBE Vector Graphic - Fill","hd":false},{"ty":"tr","p":{"a":0,"k":[0,0],"ix":2},"a":{"a":0,"k":[0,0],"ix":1},"s":{"a":0,"k":[100,100],"ix":3},"r":{"a":0,"k":0,"ix":6},"o":{"a":0,"k":100,"ix":7},"sk":{"a":0,"k":0,"ix":4},"sa":{"a":0,"k":0,"ix":5},"nm":"Transform"}],"nm":"Shape 1","np":3,"cix":2,"bm":0,"ix":1,"mn":"ADBE Vector Group","hd":false},{"ty":"tm","s":{"a":1,"k":[{"i":{"x":[0.667],"y":[1]},"o":{"x":[0.333],"y":[0]},"t":122,"s":[0]},{"t":132,"s":[100]}],"ix":1},"e":{"a":1,"k":[{"i":{"x":[0.667],"y":[1]},"o":{"x":[0.333],"y":[0]},"t":117,"s":[0]},{"t":128,"s":[100]}],"ix":2},"o":{"a":0,"k":0,"ix":3},"m":1,"ix":2,"nm":"Trim Paths 1","mn":"ADBE Vector Filter - Trim","hd":false}],"ip":0,"op":900,"st":0,"bm":0},{"ddd":0,"ind":4,"ty":4,"nm":"лампа Outlines","sr":1,"ks":{"o":{"a":0,"k":100,"ix":11},"r":{"a":0,"k":0,"ix":10},"p":{"a":0,"k":[637.114,302.908,0],"ix":2},"a":{"a":0,"k":[162.099,186.495,0],"ix":1},"s":{"a":1,"k":[{"i":{"x":[0.667,0.667,0.667],"y":[1,1,1]},"o":{"x":[0.167,0.167,0.167],"y":[0.167,0.167,16.726]},"t":104,"s":[0,0,100]},{"i":{"x":[0.833,0.833,0.833],"y":[0.833,0.833,1.384]},"o":{"x":[0.333,0.333,0.333],"y":[0,0,0]},"t":118,"s":[282,282,100]},{"i":{"x":[0.833,0.833,0.833],"y":[0.833,0.833,0.833]},"o":{"x":[0.167,0.167,0.167],"y":[0.167,0.167,0.167]},"t":125,"s":[252,252,100]},{"i":{"x":[0.833,0.833,0.833],"y":[0.833,0.833,0.833]},"o":{"x":[0.167,0.167,0.167],"y":[0.167,0.167,0.167]},"t":158,"s":[252,252,100]},{"t":179,"s":[0,0,100]}],"ix":6}},"ao":0,"shapes":[{"ty":"gr","it":[{"ind":0,"ty":"sh","ix":1,"ks":{"a":0,"k":{"i":[[0.642,0.979],[0.955,-0.147],[0.647,-0.693],[1.376,-1.045],[-0.615,-1.624],[-0.036,-0.053],[0.406,-2.376],[-0.159,0.927],[0,0],[0.238,0.155],[0.223,0.852],[-1.065,-0.787],[-0.082,-0.456],[-0.327,0.052],[-0.22,0.269],[-1.15,-0.836],[0.541,-0.347],[0.691,-0.051],[-0.004,-0.369],[0.63,-2.958],[-0.196,0.92],[0,0],[-0.734,0.723]],"o":[[-0.549,-0.837],[-0.965,0.149],[-0.586,-1.258],[-1.855,1.409],[0.025,0.066],[-0.407,2.375],[-0.158,0.92],[0,0],[0.06,-0.35],[-0.331,-0.825],[-0.117,-0.45],[0.407,0.3],[0.075,0.423],[0.235,0.108],[0.615,-0.749],[0.644,0.47],[-0.605,0.388],[-0.47,0.035],[-0.63,2.958],[-0.195,0.918],[0,0],[0.993,-0.104],[0.792,-0.78]],"v":[[4.655,-5.851],[2.072,-6.861],[-0.291,-5.423],[-3.442,-6.73],[-3.045,-0.894],[-2.942,-0.73],[-4.162,6.396],[-2.753,6.785],[-1.44,-0.881],[-1.785,-1.658],[-2.713,-4.169],[-1.911,-5.441],[-1.357,-3.986],[-0.619,-3.479],[0.115,-3.665],[3.2,-5.264],[2.866,-3.673],[0.762,-3.202],[0.062,-2.408],[-1.829,6.465],[-0.42,6.855],[1.425,-1.799],[4.161,-2.842]],"c":true},"ix":2},"nm":"Path 1","mn":"ADBE Vector Shape - Group","hd":false},{"ty":"fl","c":{"a":0,"k":[0,0,0,1],"ix":4},"o":{"a":0,"k":100,"ix":5},"r":1,"bm":0,"nm":"Fill 1","mn":"ADBE Vector Graphic - Fill","hd":false},{"ty":"tr","p":{"a":0,"k":[167.698,170.166],"ix":2},"a":{"a":0,"k":[0,0],"ix":1},"s":{"a":0,"k":[100,100],"ix":3},"r":{"a":0,"k":0,"ix":6},"o":{"a":0,"k":100,"ix":7},"sk":{"a":0,"k":0,"ix":4},"sa":{"a":0,"k":0,"ix":5},"nm":"Transform"}],"nm":"Group 4","np":2,"cix":2,"bm":0,"ix":4,"mn":"ADBE Vector Group","hd":false},{"ty":"gr","it":[{"ind":0,"ty":"sh","ix":1,"ks":{"a":0,"k":{"i":[[0.81,-5.362],[1.842,-1.895],[1.129,-0.656],[1.495,-2.216],[0.498,-0.197],[1.923,1.695],[-0.045,0.426],[0.71,2.834],[-2.049,3.384],[-4.96,-2.08]],"o":[[-0.396,2.62],[-0.91,0.937],[-2.156,1.256],[-0.278,0.412],[-2.399,0.947],[-0.351,-0.316],[0.322,-3.038],[-0.934,-3.732],[2.827,-4.668],[5.052,2.12]],"v":[[11.307,-0.076],[7.816,6.862],[4.734,9.26],[-1.202,12.847],[-2.276,14.394],[-9.12,13.181],[-8.749,10.876],[-11.147,2.386],[-10.068,-8.816],[4.081,-13.261]],"c":true},"ix":2},"nm":"Path 1","mn":"ADBE Vector Shape - Group","hd":false},{"ty":"fl","c":{"a":0,"k":[0.999999820485,0.999999760646,0.999999820485,1],"ix":4},"o":{"a":0,"k":100,"ix":5},"r":1,"bm":0,"nm":"Fill 1","mn":"ADBE Vector Graphic - Fill","hd":false},{"ty":"tr","p":{"a":0,"k":[171.114,162.08],"ix":2},"a":{"a":0,"k":[0,0],"ix":1},"s":{"a":0,"k":[100,100],"ix":3},"r":{"a":0,"k":0,"ix":6},"o":{"a":0,"k":100,"ix":7},"sk":{"a":0,"k":0,"ix":4},"sa":{"a":0,"k":0,"ix":5},"nm":"Transform"}],"nm":"Group 5","np":2,"cix":2,"bm":0,"ix":5,"mn":"ADBE Vector Group","hd":false},{"ty":"gr","it":[{"ind":0,"ty":"sh","ix":1,"ks":{"a":0,"k":{"i":[[0.485,-0.287],[-0.09,-0.288],[-0.182,-0.147],[0.467,-0.071],[-0.096,-0.348],[-0.04,-0.06],[0.495,-0.048],[0.148,-0.022],[2.305,1.547],[0.25,0.095],[-0.313,0.244],[-0.135,0.273],[-0.01,0.028],[-0.008,0.056],[0,0.022],[0.019,0.062],[0.296,0.076],[-0.432,-0.171],[-0.161,0.279],[-0.032,0.055],[0.359,0.167],[-0.565,-0.027],[-0.07,-0.071],[-3.092,1.177]],"o":[[-0.335,0.198],[-0.038,0.228],[0.371,0.3],[-0.391,0.059],[0.022,0.081],[0.081,0.486],[-0.118,-0.047],[-2.795,0.412],[-0.062,-0.205],[-0.499,-0.19],[0.335,0.037],[0.015,-0.026],[0.02,-0.054],[0.002,-0.022],[0.002,-0.066],[-0.065,-0.272],[-0.159,-0.287],[0.312,0.125],[0.042,-0.042],[0.185,-0.317],[-0.614,-0.286],[0.035,0.076],[2.393,2.406],[0.183,0.478]],"v":[[4.984,-0.621],[4.678,0.195],[4.868,0.813],[4.656,1.565],[4.145,2.463],[4.247,2.665],[3.528,3.704],[3.133,3.651],[-4.641,1.84],[-5.089,1.354],[-5.165,0.45],[-4.411,0.009],[-4.38,-0.073],[-4.335,-0.236],[-4.335,-0.302],[-4.356,-0.493],[-4.916,-1.092],[-4.354,-1.556],[-3.521,-1.914],[-3.401,-2.048],[-3.663,-3.048],[-3.51,-4.036],[-3.357,-3.814],[5.405,-1.946]],"c":true},"ix":2},"nm":"Path 1","mn":"ADBE Vector Shape - Group","hd":false},{"ty":"fl","c":{"a":0,"k":[0.838741287531,0.874176922966,0.868261000689,1],"ix":4},"o":{"a":0,"k":100,"ix":5},"r":1,"bm":0,"nm":"Fill 1","mn":"ADBE Vector Graphic - Fill","hd":false},{"ty":"tr","p":{"a":0,"k":[163.953,179.768],"ix":2},"a":{"a":0,"k":[0,0],"ix":1},"s":{"a":0,"k":[100,100],"ix":3},"r":{"a":0,"k":0,"ix":6},"o":{"a":0,"k":100,"ix":7},"sk":{"a":0,"k":0,"ix":4},"sa":{"a":0,"k":0,"ix":5},"nm":"Transform"}],"nm":"Group 6","np":2,"cix":2,"bm":0,"ix":6,"mn":"ADBE Vector Group","hd":false},{"ty":"gr","it":[{"ind":0,"ty":"sh","ix":1,"ks":{"a":0,"k":{"i":[[5.599,2.316],[3.404,-4.605],[-2.735,-5.936],[0.256,-1.179],[0.346,-0.833],[-0.166,-0.452],[0.175,-0.403],[-0.191,-0.452],[0.029,-0.495],[-0.405,-0.389],[-0.152,-0.116],[-0.197,-0.134],[-3.287,1.293],[0.331,1.273],[-0.15,0.017],[0.086,1.467],[0.536,0.825],[0.731,0.961],[0.019,0.021],[-0.977,0.649],[-0.846,5.951]],"o":[[-5.253,-2.172],[-4.217,5.706],[0.282,1.186],[-0.875,-0.142],[-0.189,0.456],[-0.392,0.185],[-0.203,0.463],[-0.349,0.34],[-0.036,0.605],[0.04,0.153],[0.192,0.146],[-0.699,3.303],[0.997,-0.393],[0.149,-0.012],[1.503,0.192],[0.806,-0.534],[0.777,-0.852],[-0.017,-0.022],[0.601,-0.995],[5.627,-1.594],[0.844,-5.934]],"v":[[5.269,-19.759],[-10.056,-15.608],[-9.774,3.547],[-9.753,7.091],[-11.908,8.264],[-11.918,9.681],[-12.819,10.582],[-12.807,12.018],[-13.419,13.31],[-12.801,14.836],[-12.522,15.25],[-11.933,15.656],[-6.272,20.638],[-3.961,17.715],[-3.514,17.685],[-0.804,15.275],[-0.263,12.757],[-0.029,9.578],[-0.088,9.521],[2.274,7.034],[13.429,-5.085]],"c":true},"ix":2},"nm":"Path 1","mn":"ADBE Vector Shape - Group","hd":false},{"ty":"fl","c":{"a":0,"k":[0,0,0,1],"ix":4},"o":{"a":0,"k":100,"ix":5},"r":1,"bm":0,"nm":"Fill 1","mn":"ADBE Vector Graphic - Fill","hd":false},{"ty":"tr","p":{"a":0,"k":[170.481,167.193],"ix":2},"a":{"a":0,"k":[0,0],"ix":1},"s":{"a":0,"k":[100,100],"ix":3},"r":{"a":0,"k":0,"ix":6},"o":{"a":0,"k":100,"ix":7},"sk":{"a":0,"k":0,"ix":4},"sa":{"a":0,"k":0,"ix":5},"nm":"Transform"}],"nm":"Group 7","np":2,"cix":2,"bm":0,"ix":7,"mn":"ADBE Vector Group","hd":false}],"ip":0,"op":900,"st":0,"bm":0},{"ddd":0,"ind":5,"ty":4,"nm":"Shape Layer 2","parent":7,"sr":1,"ks":{"o":{"a":0,"k":100,"ix":11},"r":{"a":0,"k":0,"ix":10},"p":{"a":0,"k":[-25,-7.25,0],"ix":2},"a":{"a":0,"k":[0,0,0],"ix":1},"s":{"a":0,"k":[100,100,100],"ix":6}},"ao":0,"shapes":[{"ty":"gr","it":[{"ind":0,"ty":"sh","ix":1,"ks":{"a":1,"k":[{"i":{"x":0.667,"y":1},"o":{"x":0.167,"y":0.167},"t":47,"s":[{"i":[[0,0],[-1.125,-0.25],[-0.875,0]],"o":[[0,0],[1.125,0.25],[0.875,0]],"v":[[6,-151.25],[11.25,-149.125],[15.625,-147.5]],"c":false}]},{"i":{"x":0.833,"y":0.833},"o":{"x":0.333,"y":0},"t":57,"s":[{"i":[[0,0],[-6.973,-2.789],[-0.875,0]],"o":[[0,0],[8.75,3.5],[0.875,0]],"v":[[6,-151.25],[5.5,-133.25],[15.625,-147.5]],"c":false}]},{"i":{"x":0.833,"y":0.833},"o":{"x":0.167,"y":0.167},"t":67,"s":[{"i":[[0,0],[-1.125,-0.25],[-0.875,0]],"o":[[0,0],[1.125,0.25],[0.875,0]],"v":[[6,-151.25],[11.25,-149.125],[15.625,-147.5]],"c":false}]},{"i":{"x":0.667,"y":1},"o":{"x":0.167,"y":0.167},"t":138,"s":[{"i":[[0,0],[-1.125,-0.25],[-0.875,0]],"o":[[0,0],[1.125,0.25],[0.875,0]],"v":[[6,-151.25],[11.25,-149.125],[15.625,-147.5]],"c":false}]},{"i":{"x":0.833,"y":0.833},"o":{"x":0.333,"y":0},"t":148,"s":[{"i":[[0,0],[-6.973,-2.789],[-0.875,0]],"o":[[0,0],[8.75,3.5],[0.875,0]],"v":[[6,-151.25],[5.5,-133.25],[15.625,-147.5]],"c":false}]},{"t":158,"s":[{"i":[[0,0],[-1.125,-0.25],[-0.875,0]],"o":[[0,0],[1.125,0.25],[0.875,0]],"v":[[6,-151.25],[11.25,-149.125],[15.625,-147.5]],"c":false}]}],"ix":2},"nm":"Path 1","mn":"ADBE Vector Shape - Group","hd":false},{"ty":"st","c":{"a":0,"k":[0,0,0,1],"ix":3},"o":{"a":0,"k":100,"ix":4},"w":{"a":0,"k":0,"ix":5},"lc":1,"lj":1,"ml":4,"bm":0,"nm":"Stroke 1","mn":"ADBE Vector Graphic - Stroke","hd":false},{"ty":"fl","c":{"a":0,"k":[1,1,1,1],"ix":4},"o":{"a":0,"k":100,"ix":5},"r":1,"bm":0,"nm":"Fill 1","mn":"ADBE Vector Graphic - Fill","hd":false},{"ty":"tr","p":{"a":0,"k":[0,0],"ix":2},"a":{"a":0,"k":[0,0],"ix":1},"s":{"a":0,"k":[100,100],"ix":3},"r":{"a":0,"k":0,"ix":6},"o":{"a":0,"k":100,"ix":7},"sk":{"a":0,"k":0,"ix":4},"sa":{"a":0,"k":0,"ix":5},"nm":"Transform"}],"nm":"Shape 1","np":3,"cix":2,"bm":0,"ix":1,"mn":"ADBE Vector Group","hd":false}],"ip":0,"op":900,"st":0,"bm":0},{"ddd":0,"ind":6,"ty":4,"nm":"Shape Layer 1","parent":8,"sr":1,"ks":{"o":{"a":0,"k":100,"ix":11},"r":{"a":0,"k":0,"ix":10},"p":{"a":0,"k":[-1.375,-0.125,0],"ix":2},"a":{"a":0,"k":[0,0,0],"ix":1},"s":{"a":0,"k":[100,100,100],"ix":6}},"ao":0,"shapes":[{"ty":"gr","it":[{"ind":0,"ty":"sh","ix":1,"ks":{"a":1,"k":[{"i":{"x":0.667,"y":1},"o":{"x":0.167,"y":0.167},"t":47,"s":[{"i":[[-1.25,-1],[-2,-0.75],[-2,-0.25]],"o":[[1.25,1],[2,0.75],[2,0.25]],"v":[[-20.25,-158.25],[-10.5,-154],[-3.5,-151.75]],"c":false}]},{"i":{"x":0.833,"y":0.833},"o":{"x":0.333,"y":0},"t":57,"s":[{"i":[[-1.25,-1],[-12.588,-5.754],[-2,-0.25]],"o":[[1.25,1],[8.75,4],[2,0.25]],"v":[[-20.25,-158.25],[-17.5,-140.75],[-3.5,-151.75]],"c":false}]},{"i":{"x":0.833,"y":0.833},"o":{"x":0.167,"y":0.167},"t":67,"s":[{"i":[[-1.25,-1],[-2,-0.75],[-2,-0.25]],"o":[[1.25,1],[2,0.75],[2,0.25]],"v":[[-20.25,-158.25],[-10.5,-154],[-3.5,-151.75]],"c":false}]},{"i":{"x":0.667,"y":1},"o":{"x":0.167,"y":0.167},"t":138,"s":[{"i":[[-1.25,-1],[-2,-0.75],[-2,-0.25]],"o":[[1.25,1],[2,0.75],[2,0.25]],"v":[[-20.25,-158.25],[-10.5,-154],[-3.5,-151.75]],"c":false}]},{"i":{"x":0.833,"y":0.833},"o":{"x":0.333,"y":0},"t":148,"s":[{"i":[[-1.25,-1],[-12.588,-5.754],[-2,-0.25]],"o":[[1.25,1],[8.75,4],[2,0.25]],"v":[[-20.25,-158.25],[-17.5,-140.75],[-3.5,-151.75]],"c":false}]},{"t":158,"s":[{"i":[[-1.25,-1],[-2,-0.75],[-2,-0.25]],"o":[[1.25,1],[2,0.75],[2,0.25]],"v":[[-20.25,-158.25],[-10.5,-154],[-3.5,-151.75]],"c":false}]}],"ix":2},"nm":"Path 1","mn":"ADBE Vector Shape - Group","hd":false},{"ty":"st","c":{"a":0,"k":[0,0,0,1],"ix":3},"o":{"a":0,"k":100,"ix":4},"w":{"a":0,"k":0,"ix":5},"lc":1,"lj":1,"ml":4,"bm":0,"nm":"Stroke 1","mn":"ADBE Vector Graphic - Stroke","hd":false},{"ty":"fl","c":{"a":0,"k":[1,1,1,1],"ix":4},"o":{"a":0,"k":100,"ix":5},"r":1,"bm":0,"nm":"Fill 1","mn":"ADBE Vector Graphic - Fill","hd":false},{"ty":"tr","p":{"a":0,"k":[0,0],"ix":2},"a":{"a":0,"k":[0,0],"ix":1},"s":{"a":0,"k":[100,100],"ix":3},"r":{"a":0,"k":0,"ix":6},"o":{"a":0,"k":100,"ix":7},"sk":{"a":0,"k":0,"ix":4},"sa":{"a":0,"k":0,"ix":5},"nm":"Transform"}],"nm":"Shape 1","np":3,"cix":2,"bm":0,"ix":1,"mn":"ADBE Vector Group","hd":false}],"ip":0,"op":900,"st":0,"bm":0},{"ddd":0,"ind":7,"ty":4,"nm":"глаз 1","parent":10,"sr":1,"ks":{"o":{"a":0,"k":100,"ix":11},"r":{"a":0,"k":0,"ix":10},"p":{"a":0,"k":[131.069,220.417,0],"ix":2},"a":{"a":0,"k":[-16.813,-147.938,0],"ix":1},"s":{"a":0,"k":[41.152,41.152,100],"ix":6}},"ao":0,"shapes":[{"ty":"gr","it":[{"d":1,"ty":"el","s":{"a":0,"k":[6.625,8.875],"ix":2},"p":{"a":0,"k":[0,0],"ix":3},"nm":"Ellipse Path 1","mn":"ADBE Vector Shape - Ellipse","hd":false},{"ty":"st","c":{"a":0,"k":[0,0,0,1],"ix":3},"o":{"a":0,"k":100,"ix":4},"w":{"a":0,"k":3,"ix":5},"lc":1,"lj":1,"ml":4,"bm":0,"nm":"Stroke 1","mn":"ADBE Vector Graphic - Stroke","hd":false},{"ty":"fl","c":{"a":0,"k":[0,0,0,1],"ix":4},"o":{"a":0,"k":100,"ix":5},"r":1,"bm":0,"nm":"Fill 1","mn":"ADBE Vector Graphic - Fill","hd":false},{"ty":"tr","p":{"a":0,"k":[-16.813,-147.938],"ix":2},"a":{"a":0,"k":[0,0],"ix":1},"s":{"a":0,"k":[100,100],"ix":3},"r":{"a":0,"k":29.339,"ix":6},"o":{"a":0,"k":100,"ix":7},"sk":{"a":0,"k":0,"ix":4},"sa":{"a":0,"k":0,"ix":5},"nm":"Transform"}],"nm":"Ellipse 1","np":3,"cix":2,"bm":0,"ix":1,"mn":"ADBE Vector Group","hd":false}],"ip":0,"op":900,"st":0,"bm":0},{"ddd":0,"ind":8,"ty":4,"nm":"глаз 2","parent":10,"sr":1,"ks":{"o":{"a":0,"k":100,"ix":11},"r":{"a":0,"k":0,"ix":10},"p":{"a":0,"k":[121.347,217.485,0],"ix":2},"a":{"a":0,"k":[-16.813,-147.938,0],"ix":1},"s":{"a":0,"k":[41.152,41.152,100],"ix":6}},"ao":0,"shapes":[{"ty":"gr","it":[{"d":1,"ty":"el","s":{"a":0,"k":[6.625,8.875],"ix":2},"p":{"a":0,"k":[0,0],"ix":3},"nm":"Ellipse Path 1","mn":"ADBE Vector Shape - Ellipse","hd":false},{"ty":"st","c":{"a":0,"k":[0,0,0,1],"ix":3},"o":{"a":0,"k":100,"ix":4},"w":{"a":0,"k":3,"ix":5},"lc":1,"lj":1,"ml":4,"bm":0,"nm":"Stroke 1","mn":"ADBE Vector Graphic - Stroke","hd":false},{"ty":"fl","c":{"a":0,"k":[0,0,0,1],"ix":4},"o":{"a":0,"k":100,"ix":5},"r":1,"bm":0,"nm":"Fill 1","mn":"ADBE Vector Graphic - Fill","hd":false},{"ty":"tr","p":{"a":0,"k":[-16.813,-147.938],"ix":2},"a":{"a":0,"k":[0,0],"ix":1},"s":{"a":0,"k":[100,100],"ix":3},"r":{"a":0,"k":29.339,"ix":6},"o":{"a":0,"k":100,"ix":7},"sk":{"a":0,"k":0,"ix":4},"sa":{"a":0,"k":0,"ix":5},"nm":"Transform"}],"nm":"Ellipse 1","np":3,"cix":2,"bm":0,"ix":1,"mn":"ADBE Vector Group","hd":false}],"ip":0,"op":900,"st":0,"bm":0},{"ddd":0,"ind":9,"ty":4,"nm":"стул 2 Outlines","sr":1,"ks":{"o":{"a":0,"k":100,"ix":11},"r":{"a":0,"k":0,"ix":10},"p":{"a":0,"k":[520.431,667.324,0],"ix":2},"a":{"a":0,"k":[120.647,340.21,0],"ix":1},"s":{"a":0,"k":[243,243,100],"ix":6}},"ao":0,"shapes":[{"ty":"gr","it":[{"ind":0,"ty":"sh","ix":1,"ks":{"a":0,"k":{"i":[[4.292,-2.328],[4.933,-0.434],[-7.847,-3.968],[-0.007,0.005],[-16.965,-6.524]],"o":[[-4.34,2.355],[-10.547,0.928],[0.007,-0.004],[15.284,-9.868],[0.005,0.09]],"v":[[32.943,-2.745],[-4.773,17.341],[-29.387,-6.288],[-29.367,-6.296],[23.699,-11.745]],"c":true},"ix":2},"nm":"Path 1","mn":"ADBE Vector Shape - Group","hd":false},{"ty":"fl","c":{"a":0,"k":[0.999999820485,0.999999760646,0.999999820485,1],"ix":4},"o":{"a":0,"k":100,"ix":5},"r":1,"bm":0,"nm":"Fill 1","mn":"ADBE Vector Graphic - Fill","hd":false},{"ty":"tr","p":{"a":0,"k":[133.808,345.632],"ix":2},"a":{"a":0,"k":[0,0],"ix":1},"s":{"a":0,"k":[100,100],"ix":3},"r":{"a":0,"k":0,"ix":6},"o":{"a":0,"k":100,"ix":7},"sk":{"a":0,"k":0,"ix":4},"sa":{"a":0,"k":0,"ix":5},"nm":"Transform"}],"nm":"Group 1","np":2,"cix":2,"bm":0,"ix":1,"mn":"ADBE Vector Group","hd":false},{"ty":"gr","it":[{"ind":0,"ty":"sh","ix":1,"ks":{"a":0,"k":{"i":[[0.474,0.188],[15.766,-10.179],[-0.024,-0.27],[-0.175,-0.457],[-11.863,1.873],[-5.298,3.888],[2.516,5.582]],"o":[[-17.426,-6.948],[-0.281,0.181],[-0.354,0.143],[4.486,11.716],[6.53,-1.029],[3.942,-2.894],[0.168,-0.356]],"v":[[25.706,-8.391],[-27.611,-3.228],[-27.962,-2.489],[-28.421,-1.504],[0.542,13.465],[18.447,5.579],[26.081,-7.357]],"c":true},"ix":2},"nm":"Path 1","mn":"ADBE Vector Shape - Group","hd":false},{"ty":"fl","c":{"a":0,"k":[0,0,0,1],"ix":4},"o":{"a":0,"k":100,"ix":5},"r":1,"bm":0,"nm":"Fill 1","mn":"ADBE Vector Graphic - Fill","hd":false},{"ty":"tr","p":{"a":0,"k":[131.426,341.244],"ix":2},"a":{"a":0,"k":[0,0],"ix":1},"s":{"a":0,"k":[100,100],"ix":3},"r":{"a":0,"k":0,"ix":6},"o":{"a":0,"k":100,"ix":7},"sk":{"a":0,"k":0,"ix":4},"sa":{"a":0,"k":0,"ix":5},"nm":"Transform"}],"nm":"Group 2","np":2,"cix":2,"bm":0,"ix":2,"mn":"ADBE Vector Group","hd":false},{"ty":"gr","it":[{"ind":0,"ty":"sh","ix":1,"ks":{"a":0,"k":{"i":[[4.771,1.042],[4.018,2.895],[-3.346,-8.132],[-0.009,-0.002],[-8.579,-16.024]],"o":[[-4.824,-1.053],[-8.589,-6.19],[0.009,0.001],[18.017,2.518],[-0.055,0.073]],"v":[[22.745,25.251],[-18.928,15.809],[-22.12,-18.161],[-22.098,-18.154],[21.63,12.398]],"c":true},"ix":2},"nm":"Path 1","mn":"ADBE Vector Shape - Group","hd":false},{"ty":"fl","c":{"a":0,"k":[0.999999820485,0.999999760646,0.999999820485,1],"ix":4},"o":{"a":0,"k":100,"ix":5},"r":1,"bm":0,"nm":"Fill 1","mn":"ADBE Vector Graphic - Fill","hd":false},{"ty":"tr","p":{"a":0,"k":[98.711,336.996],"ix":2},"a":{"a":0,"k":[0,0],"ix":1},"s":{"a":0,"k":[100,100],"ix":3},"r":{"a":0,"k":0,"ix":6},"o":{"a":0,"k":100,"ix":7},"sk":{"a":0,"k":0,"ix":4},"sa":{"a":0,"k":0,"ix":5},"nm":"Transform"}],"nm":"Group 3","np":2,"cix":2,"bm":0,"ix":3,"mn":"ADBE Vector Group","hd":false},{"ty":"gr","it":[{"ind":0,"ty":"sh","ix":1,"ks":{"a":0,"k":{"i":[[0.236,0.453],[18.585,2.598],[0.158,-0.22],[0.166,-0.462],[-10.202,-6.337],[-6.551,-0.519],[-1.743,5.87]],"o":[[-8.65,-16.647],[-0.332,-0.046],[-0.361,-0.123],[-4.261,11.799],[5.616,3.487],[4.875,0.387],[0.36,-0.159]],"v":[[24.748,12.042],[-18.983,-18.893],[-19.732,-18.563],[-20.723,-18.116],[-8.583,12.143],[10.125,17.872],[24.356,13.068]],"c":true},"ix":2},"nm":"Path 1","mn":"ADBE Vector Shape - Group","hd":false},{"ty":"fl","c":{"a":0,"k":[0,0,0,1],"ix":4},"o":{"a":0,"k":100,"ix":5},"r":1,"bm":0,"nm":"Fill 1","mn":"ADBE Vector Graphic - Fill","hd":false},{"ty":"tr","p":{"a":0,"k":[95.985,336.325],"ix":2},"a":{"a":0,"k":[0,0],"ix":1},"s":{"a":0,"k":[100,100],"ix":3},"r":{"a":0,"k":0,"ix":6},"o":{"a":0,"k":100,"ix":7},"sk":{"a":0,"k":0,"ix":4},"sa":{"a":0,"k":0,"ix":5},"nm":"Transform"}],"nm":"Group 4","np":2,"cix":2,"bm":0,"ix":4,"mn":"ADBE Vector Group","hd":false}],"ip":0,"op":900,"st":0,"bm":0},{"ddd":0,"ind":10,"ty":4,"nm":"голова Outlines","sr":1,"ks":{"o":{"a":0,"k":100,"ix":11},"r":{"a":1,"k":[{"i":{"x":[0.667],"y":[1]},"o":{"x":[0.333],"y":[0]},"t":0,"s":[7]},{"i":{"x":[0.667],"y":[1]},"o":{"x":[0.333],"y":[0]},"t":87,"s":[7]},{"i":{"x":[0.667],"y":[1]},"o":{"x":[0.333],"y":[0]},"t":108,"s":[0]},{"i":{"x":[0.667],"y":[1]},"o":{"x":[0.333],"y":[0]},"t":162,"s":[0]},{"t":180,"s":[7]}],"ix":10},"p":{"a":0,"k":[480.944,451.635,0],"ix":2},"a":{"a":0,"k":[103.397,241.948,0],"ix":1},"s":{"a":0,"k":[243,243,100],"ix":6}},"ao":0,"shapes":[{"ty":"gr","it":[{"ind":0,"ty":"sh","ix":1,"ks":{"a":1,"k":[{"i":{"x":0.833,"y":0.833},"o":{"x":0.167,"y":0.167},"t":0,"s":[{"i":[[0.206,0.248],[0.38,0.231],[1.125,-0.872],[-1.855,-1.214],[-1.103,0.802]],"o":[[-0.442,-0.619],[-1.018,-0.622],[-1.628,1.261],[1.192,0.779],[0.773,-0.562]],"v":[[3.21,-0.605],[1.398,-1.974],[-2.096,-2.818],[-0.422,0.522],[2.565,1.048]],"c":true}]},{"i":{"x":0.833,"y":0.833},"o":{"x":0.167,"y":0.167},"t":87,"s":[{"i":[[0.206,0.248],[0.38,0.231],[1.125,-0.872],[-1.855,-1.214],[-1.103,0.802]],"o":[[-0.442,-0.619],[-1.018,-0.622],[-1.628,1.261],[1.192,0.779],[0.773,-0.562]],"v":[[3.21,-0.605],[1.398,-1.974],[-2.096,-2.818],[-0.422,0.522],[2.565,1.048]],"c":true}]},{"i":{"x":0.833,"y":0.833},"o":{"x":0.167,"y":0.167},"t":108,"s":[{"i":[[0.795,1.033],[0.38,0.231],[1.125,-0.872],[-1.855,-1.214],[-1.103,0.802]],"o":[[-0.464,-0.603],[-1.018,-0.622],[-1.628,1.261],[1.192,0.779],[0.773,-0.562]],"v":[[3.21,-0.605],[1.398,-1.974],[-2.096,-2.818],[-2.15,2.911],[1.566,2.622]],"c":true}]},{"i":{"x":0.833,"y":0.833},"o":{"x":0.167,"y":0.167},"t":162,"s":[{"i":[[0.795,1.033],[0.38,0.231],[1.125,-0.872],[-1.855,-1.214],[-1.103,0.802]],"o":[[-0.464,-0.603],[-1.018,-0.622],[-1.628,1.261],[1.192,0.779],[0.773,-0.562]],"v":[[3.21,-0.605],[1.398,-1.974],[-2.096,-2.818],[-2.15,2.911],[1.566,2.622]],"c":true}]},{"t":180,"s":[{"i":[[0.206,0.248],[0.38,0.231],[1.125,-0.872],[-1.855,-1.214],[-1.103,0.802]],"o":[[-0.442,-0.619],[-1.018,-0.622],[-1.628,1.261],[1.192,0.779],[0.773,-0.562]],"v":[[3.21,-0.605],[1.398,-1.974],[-2.096,-2.818],[-0.422,0.522],[2.565,1.048]],"c":true}]}],"ix":2},"nm":"Path 1","mn":"ADBE Vector Shape - Group","hd":false},{"ty":"fl","c":{"a":0,"k":[0,0,0,1],"ix":4},"o":{"a":0,"k":100,"ix":5},"r":1,"bm":0,"nm":"Fill 1","mn":"ADBE Vector Graphic - Fill","hd":false},{"ty":"tr","p":{"a":0,"k":[119.244,225.943],"ix":2},"a":{"a":0,"k":[0,0],"ix":1},"s":{"a":0,"k":[100,100],"ix":3},"r":{"a":0,"k":0,"ix":6},"o":{"a":0,"k":100,"ix":7},"sk":{"a":0,"k":0,"ix":4},"sa":{"a":0,"k":0,"ix":5},"nm":"Transform"}],"nm":"Group 1","np":2,"cix":2,"bm":0,"ix":1,"mn":"ADBE Vector Group","hd":false},{"ty":"gr","it":[{"ind":0,"ty":"sh","ix":1,"ks":{"a":0,"k":{"i":[[0.219,-0.916],[1.65,-0.24],[-0.921,0.134],[-0.457,1.906]],"o":[[-0.321,1.339],[-0.927,0.134],[2.353,-0.342],[0.219,-0.914]],"v":[[0.978,-2.747],[-1.678,2.12],[-1.29,3.529],[2.387,-2.359]],"c":true},"ix":2},"nm":"Path 1","mn":"ADBE Vector Shape - Group","hd":false},{"ty":"fl","c":{"a":0,"k":[0,0,0,1],"ix":4},"o":{"a":0,"k":100,"ix":5},"r":1,"bm":0,"nm":"Fill 1","mn":"ADBE Vector Graphic - Fill","hd":false},{"ty":"tr","p":{"a":0,"k":[126.09,221.397],"ix":2},"a":{"a":0,"k":[0,0],"ix":1},"s":{"a":0,"k":[100,100],"ix":3},"r":{"a":0,"k":0,"ix":6},"o":{"a":0,"k":100,"ix":7},"sk":{"a":0,"k":0,"ix":4},"sa":{"a":0,"k":0,"ix":5},"nm":"Transform"}],"nm":"Group 2","np":2,"cix":2,"bm":0,"ix":2,"mn":"ADBE Vector Group","hd":false},{"ty":"gr","it":[{"ind":0,"ty":"sh","ix":1,"ks":{"a":0,"k":{"i":[[2.937,-2.91],[1.794,1.807],[-1.637,1.61],[-1.25,-0.291]],"o":[[-1.762,1.746],[-1.654,-1.665],[0.924,-0.909],[4.897,1.139]],"v":[[4.029,3.182],[-5.312,2.501],[-5.124,-3.412],[-1.644,-4.637]],"c":true},"ix":2},"nm":"Path 1","mn":"ADBE Vector Shape - Group","hd":false},{"ty":"fl","c":{"a":0,"k":[0.999999820485,0.999999760646,0.999999820485,1],"ix":4},"o":{"a":0,"k":100,"ix":5},"r":1,"bm":0,"nm":"Fill 1","mn":"ADBE Vector Graphic - Fill","hd":false},{"ty":"tr","p":{"a":0,"k":[98.41,220.619],"ix":2},"a":{"a":0,"k":[0,0],"ix":1},"s":{"a":0,"k":[100,100],"ix":3},"r":{"a":0,"k":0,"ix":6},"o":{"a":0,"k":100,"ix":7},"sk":{"a":0,"k":0,"ix":4},"sa":{"a":0,"k":0,"ix":5},"nm":"Transform"}],"nm":"Group 5","np":2,"cix":2,"bm":0,"ix":3,"mn":"ADBE Vector Group","hd":false},{"ty":"gr","it":[{"ind":0,"ty":"sh","ix":1,"ks":{"a":0,"k":{"i":[[0.32,0.414],[2.23,-1.851],[-1.727,-2.422],[-2.606,1.553],[0.329,2.796]],"o":[[-1.892,-2.441],[-2.245,1.862],[1.789,2.511],[2.329,-1.388],[-0.02,-0.169]],"v":[[5.47,-3.876],[-3.429,-4.651],[-4.609,2.981],[2.813,4.949],[6.007,-2.972]],"c":true},"ix":2},"nm":"Path 1","mn":"ADBE Vector Shape - Group","hd":false},{"ty":"fl","c":{"a":0,"k":[0,0,0,1],"ix":4},"o":{"a":0,"k":100,"ix":5},"r":1,"bm":0,"nm":"Fill 1","mn":"ADBE Vector Graphic - Fill","hd":false},{"ty":"tr","p":{"a":0,"k":[96.076,220.473],"ix":2},"a":{"a":0,"k":[0,0],"ix":1},"s":{"a":0,"k":[100,100],"ix":3},"r":{"a":0,"k":0,"ix":6},"o":{"a":0,"k":100,"ix":7},"sk":{"a":0,"k":0,"ix":4},"sa":{"a":0,"k":0,"ix":5},"nm":"Transform"}],"nm":"Group 6","np":2,"cix":2,"bm":0,"ix":4,"mn":"ADBE Vector Group","hd":false},{"ty":"gr","it":[{"ind":0,"ty":"sh","ix":1,"ks":{"a":0,"k":{"i":[[1.057,-0.665],[2.032,-1.278],[7.529,1.68],[0.106,-0.029],[0.127,-0.404],[8.225,-5.767],[-3.559,7.576],[-4.893,5.747],[0,0],[-0.597,0.448],[-2.687,1.306],[-1.452,0.198],[-0.314,0.107],[0.515,-0.809],[0.34,-0.705],[-0.497,0.501],[-0.031,0.02],[-2.651,0.943],[-0.331,-0.069],[0.374,-0.705],[0.66,-1.243],[0.015,-0.041],[0.001,-0.002],[-0.489,0.654],[-2.259,0.09],[-0.427,-0.763],[0.502,-0.738],[0.724,-1.047],[-0.069,-0.174],[-0.609,0.247],[-1.394,-0.269],[0.822,-1.064],[0,0],[-0.568,0.735],[-0.269,0.349],[-0.011,0.001],[-1.258,0.19]],"o":[[-2.032,1.278],[-6.296,-4.456],[-0.131,-0.029],[-0.328,-0.047],[-3.007,9.592],[-4.793,-6.766],[3.243,-6.904],[0,0],[-0.155,0.59],[2.386,-1.793],[1.295,-0.629],[0.313,-0.107],[0.704,0.939],[-0.202,0.773],[-0.368,0.761],[0.03,-0.014],[2.381,-1.493],[0.323,-0.115],[1.87,0.391],[-0.659,1.243],[-0.022,0.038],[-0.002,0.002],[-0.419,0.791],[2.115,-0.772],[0.752,-0.031],[0.484,0.868],[-0.717,1.052],[-0.145,0.21],[-0.127,0.513],[1.262,-0.513],[3.049,0.589],[0,0],[-0.575,0.744],[0.269,-0.349],[0.01,-0.001],[1.257,-0.196],[2.632,-0.397]],"v":[[23.769,3.075],[17.673,6.909],[-3.108,-2.313],[-3.462,-2.303],[-4.273,-1.813],[-21.488,21.737],[-23.563,-1.1],[-9.789,-19.105],[-9.342,-15.716],[-8.322,-14.87],[-0.737,-19.567],[3.662,-21.416],[4.602,-21.737],[4.886,-19.115],[3.732,-16.723],[4.849,-15.796],[4.94,-15.83],[12.47,-19.536],[13.954,-20.029],[14.397,-17.591],[12.419,-13.862],[12.358,-13.747],[12.354,-13.74],[13.54,-12.911],[20.115,-14.305],[21.326,-13.695],[20.958,-11.974],[18.786,-8.834],[18.7,-8.244],[19.538,-7.366],[24.073,-8.376],[23.614,-4.112],[18.229,2.862],[19.491,3.599],[20.299,2.553],[20.328,2.554],[24.099,1.965]],"c":true},"ix":2},"nm":"Path 1","mn":"ADBE Vector Shape - Group","hd":false},{"ty":"fl","c":{"a":0,"k":[0,0,0,1],"ix":4},"o":{"a":0,"k":100,"ix":5},"r":1,"bm":0,"nm":"Fill 1","mn":"ADBE Vector Graphic - Fill","hd":false},{"ty":"tr","p":{"a":0,"k":[120.27,198.063],"ix":2},"a":{"a":0,"k":[0,0],"ix":1},"s":{"a":0,"k":[100,100],"ix":3},"r":{"a":0,"k":0,"ix":6},"o":{"a":0,"k":100,"ix":7},"sk":{"a":0,"k":0,"ix":4},"sa":{"a":0,"k":0,"ix":5},"nm":"Transform"}],"nm":"Group 7","np":2,"cix":2,"bm":0,"ix":5,"mn":"ADBE Vector Group","hd":false},{"ty":"gr","it":[{"ind":0,"ty":"sh","ix":1,"ks":{"a":0,"k":{"i":[[2.315,-0.502],[0,0],[0.129,1.881],[2.51,-0.68],[2.055,1.373],[1.248,-0.155],[1.189,-0.35],[2.516,0.892],[1.301,-0.522],[1.447,-0.809],[3.26,-0.263],[1.883,-0.919],[2.08,-1.489],[0.174,1.322],[0.452,-0.551],[3.182,-8.61],[-4.915,-6.498],[-0.316,0.209],[-0.09,0.062],[-3.213,9.779],[-6.1,-4.34],[-0.05,-0.021],[-0.314,0.198],[-1.964,1.235],[-0.167,1.346]],"o":[[0,0],[1.037,-1.343],[-0.191,-2.774],[1.473,-1.849],[-1.135,-0.759],[-1.239,0.155],[1.439,-2.345],[-1.481,-0.524],[-1.543,0.619],[1.114,-2.342],[-2.11,0.17],[-2.305,1.124],[-0.175,-1.322],[-0.072,-0.545],[-5.689,6.927],[-2.842,7.687],[0.294,0.389],[0.086,-0.018],[8.475,-5.876],[7.289,1.683],[0.051,0.037],[0.205,0.194],[1.964,-1.235],[0.962,-0.605],[0.278,-2.244]],"v":[[22.237,0.814],[24.862,-2.586],[27.857,-7.644],[21.629,-9.358],[23.034,-15.295],[18.932,-15.559],[15.294,-14.782],[16.077,-21.505],[11.173,-20.336],[6.695,-18.179],[5.528,-23.277],[-0.923,-20.774],[-7.479,-16.817],[-8.003,-20.784],[-9.249,-21.301],[-25.25,0.531],[-21.757,23.151],[-20.66,23.313],[-20.395,23.197],[-2.521,-0.744],[17.607,8.306],[17.76,8.391],[18.579,8.467],[24.471,4.762],[27.814,2.007]],"c":true},"ix":2},"nm":"Path 1","mn":"ADBE Vector Shape - Group","hd":false},{"ty":"fl","c":{"a":0,"k":[0,0,0,1],"ix":4},"o":{"a":0,"k":100,"ix":5},"r":1,"bm":0,"nm":"Fill 1","mn":"ADBE Vector Graphic - Fill","hd":false},{"ty":"tr","p":{"a":0,"k":[119.717,198.008],"ix":2},"a":{"a":0,"k":[0,0],"ix":1},"s":{"a":0,"k":[100,100],"ix":3},"r":{"a":0,"k":0,"ix":6},"o":{"a":0,"k":100,"ix":7},"sk":{"a":0,"k":0,"ix":4},"sa":{"a":0,"k":0,"ix":5},"nm":"Transform"}],"nm":"Group 8","np":2,"cix":2,"bm":0,"ix":6,"mn":"ADBE Vector Group","hd":false},{"ty":"gr","it":[{"ind":0,"ty":"sh","ix":1,"ks":{"a":0,"k":{"i":[[-0.757,-0.227],[1.413,0.641],[1.384,-0.563],[-0.796,-1.505],[-2.619,-0.623],[-0.786,2.591]],"o":[[-1.413,-0.642],[-1.168,-0.531],[-2.39,0.972],[1.213,2.291],[0.933,-2.612],[0.315,-1.041]],"v":[[5.714,-2.337],[1.475,-4.261],[-3.324,-5.816],[-3.214,1.273],[2.9,6.379],[3.993,-1.619]],"c":true},"ix":2},"nm":"Path 1","mn":"ADBE Vector Shape - Group","hd":false},{"ty":"fl","c":{"a":0,"k":[0.838741287531,0.874176922966,0.868261000689,1],"ix":4},"o":{"a":0,"k":100,"ix":5},"r":1,"bm":0,"nm":"Fill 1","mn":"ADBE Vector Graphic - Fill","hd":false},{"ty":"tr","p":{"a":0,"k":[108.584,237.186],"ix":2},"a":{"a":0,"k":[0,0],"ix":1},"s":{"a":0,"k":[100,100],"ix":3},"r":{"a":0,"k":0,"ix":6},"o":{"a":0,"k":100,"ix":7},"sk":{"a":0,"k":0,"ix":4},"sa":{"a":0,"k":0,"ix":5},"nm":"Transform"}],"nm":"Group 9","np":2,"cix":2,"bm":0,"ix":7,"mn":"ADBE Vector Group","hd":false},{"ty":"gr","it":[{"ind":0,"ty":"sh","ix":1,"ks":{"a":0,"k":{"i":[[7.238,4.149],[6.324,-7.736],[0.859,-1.788],[-0.102,-4.482],[-0.034,-0.504],[-2.036,-0.389],[-0.519,0.335],[-4.256,6.712],[-5.658,-2.581]],"o":[[-8.971,-5.143],[-1.254,1.535],[-1.947,4.056],[0.011,0.505],[1.947,0.764],[0.057,0.477],[6.697,-4.307],[5.559,2.773],[0.65,-7.568]],"v":[[11.478,-11.377],[-14.644,-5.636],[-17.828,-0.63],[-20.484,12.429],[-20.412,13.942],[-14.364,15.616],[-13.297,16.185],[3.202,-0.431],[19.936,7.937]],"c":true},"ix":2},"nm":"Path 1","mn":"ADBE Vector Shape - Group","hd":false},{"ty":"fl","c":{"a":0,"k":[0.838741287531,0.874176922966,0.868261000689,1],"ix":4},"o":{"a":0,"k":100,"ix":5},"r":1,"bm":0,"nm":"Fill 1","mn":"ADBE Vector Graphic - Fill","hd":false},{"ty":"tr","p":{"a":0,"k":[116.557,201.558],"ix":2},"a":{"a":0,"k":[0,0],"ix":1},"s":{"a":0,"k":[100,100],"ix":3},"r":{"a":0,"k":0,"ix":6},"o":{"a":0,"k":100,"ix":7},"sk":{"a":0,"k":0,"ix":4},"sa":{"a":0,"k":0,"ix":5},"nm":"Transform"}],"nm":"Group 10","np":2,"cix":2,"bm":0,"ix":8,"mn":"ADBE Vector Group","hd":false},{"ty":"gr","it":[{"ind":0,"ty":"sh","ix":1,"ks":{"a":0,"k":{"i":[[2.957,-9.711],[6.633,-2.69],[1.436,0.029],[0.933,0.249],[0.41,-1.352],[1.026,-2.66],[3.184,2.04],[-1.389,3.982],[-0.595,2.135],[0.014,0.246],[0.269,0.888],[0.236,1.115],[0.052,2.268],[-1.948,4.056],[-1.255,1.536],[-8.971,-5.142]],"o":[[-1.98,6.501],[-1.328,0.539],[-0.971,-0.021],[-1.042,-0.279],[-0.803,2.648],[-2.048,5.31],[-3.558,-2.28],[0.728,-2.088],[0.066,-0.237],[-0.052,-0.903],[-0.33,-1.091],[-0.472,-2.219],[-0.102,-4.482],[0.858,-1.787],[6.323,-7.735],[9.967,5.713]],"v":[[18.292,0.812],[5.484,17.735],[1.297,18.533],[-1.548,18.017],[-3.971,18.524],[-5.117,26.694],[-16.56,26.576],[-20.066,16.903],[-17.921,10.67],[-17.803,9.944],[-18.82,7.003],[-19.672,3.693],[-20.475,-3.056],[-17.818,-16.115],[-14.633,-21.121],[11.488,-26.862]],"c":true},"ix":2},"nm":"Path 1","mn":"ADBE Vector Shape - Group","hd":false},{"ty":"fl","c":{"a":0,"k":[0.999999820485,0.999999760646,0.999999820485,1],"ix":4},"o":{"a":0,"k":100,"ix":5},"r":1,"bm":0,"nm":"Fill 1","mn":"ADBE Vector Graphic - Fill","hd":false},{"ty":"tr","p":{"a":0,"k":[116.547,217.043],"ix":2},"a":{"a":0,"k":[0,0],"ix":1},"s":{"a":0,"k":[100,100],"ix":3},"r":{"a":0,"k":0,"ix":6},"o":{"a":0,"k":100,"ix":7},"sk":{"a":0,"k":0,"ix":4},"sa":{"a":0,"k":0,"ix":5},"nm":"Transform"}],"nm":"Group 11","np":2,"cix":2,"bm":0,"ix":9,"mn":"ADBE Vector Group","hd":false},{"ty":"gr","it":[{"ind":0,"ty":"sh","ix":1,"ks":{"a":0,"k":{"i":[[1.375,8.741],[8.47,1.304],[5.005,-6.565],[-3.873,-10.283],[-1.729,-4.555],[-3.169,-1.333],[-2.26,3.06],[-0.158,1.385],[-0.23,2.097],[-3.966,5.577]],"o":[[-1.338,-8.507],[-8.321,-1.282],[-6.891,9.038],[-0.521,4.398],[1.288,3.393],[2.698,1.134],[0.872,-1.182],[0.24,-2.096],[6.519,2.163],[5.109,-7.184]],"v":[[21.698,-14.984],[5.373,-31.026],[-15.938,-21.719],[-18.962,9.603],[-21.344,22.456],[-13.596,29.093],[-4.162,29.247],[-3.135,25.029],[-2.438,18.737],[15.099,11.651]],"c":true},"ix":2},"nm":"Path 1","mn":"ADBE Vector Shape - Group","hd":false},{"ty":"fl","c":{"a":0,"k":[0,0,0,1],"ix":4},"o":{"a":0,"k":100,"ix":5},"r":1,"bm":0,"nm":"Fill 1","mn":"ADBE Vector Graphic - Fill","hd":false},{"ty":"tr","p":{"a":0,"k":[116.169,217.433],"ix":2},"a":{"a":0,"k":[0,0],"ix":1},"s":{"a":0,"k":[100,100],"ix":3},"r":{"a":0,"k":0,"ix":6},"o":{"a":0,"k":100,"ix":7},"sk":{"a":0,"k":0,"ix":4},"sa":{"a":0,"k":0,"ix":5},"nm":"Transform"}],"nm":"Group 12","np":2,"cix":2,"bm":0,"ix":10,"mn":"ADBE Vector Group","hd":false},{"ty":"gr","it":[{"ind":0,"ty":"sh","ix":1,"ks":{"a":0,"k":{"i":[[2.937,-2.91],[1.794,1.807],[-1.637,1.61],[-1.281,-0.085]],"o":[[-1.763,1.747],[-1.654,-1.666],[0.923,-0.909],[3.782,0.252]],"v":[[2.568,2.581],[-3.851,2.708],[-3.663,-3.204],[-0.182,-4.431]],"c":true},"ix":2},"nm":"Path 1","mn":"ADBE Vector Shape - Group","hd":false},{"ty":"fl","c":{"a":0,"k":[0.999999820485,0.999999760646,0.999999820485,1],"ix":4},"o":{"a":0,"k":100,"ix":5},"r":1,"bm":0,"nm":"Fill 1","mn":"ADBE Vector Graphic - Fill","hd":false},{"ty":"tr","p":{"a":0,"k":[129.684,227.889],"ix":2},"a":{"a":0,"k":[0,0],"ix":1},"s":{"a":0,"k":[100,100],"ix":3},"r":{"a":0,"k":0,"ix":6},"o":{"a":0,"k":100,"ix":7},"sk":{"a":0,"k":0,"ix":4},"sa":{"a":0,"k":0,"ix":5},"nm":"Transform"}],"nm":"Group 13","np":2,"cix":2,"bm":0,"ix":11,"mn":"ADBE Vector Group","hd":false},{"ty":"gr","it":[{"ind":0,"ty":"sh","ix":1,"ks":{"a":0,"k":{"i":[[0.218,0.273],[2.23,-1.85],[-1.727,-2.422],[-2.606,1.553],[1.085,2.597]],"o":[[-1.924,-2.416],[-2.245,1.863],[1.79,2.51],[2.328,-1.388],[-0.138,-0.33]],"v":[[5.092,-3.662],[-3.807,-4.438],[-4.987,3.195],[2.858,4.735],[5.629,-2.758]],"c":true},"ix":2},"nm":"Path 1","mn":"ADBE Vector Shape - Group","hd":false},{"ty":"fl","c":{"a":0,"k":[0,0,0,1],"ix":4},"o":{"a":0,"k":100,"ix":5},"r":1,"bm":0,"nm":"Fill 1","mn":"ADBE Vector Graphic - Fill","hd":false},{"ty":"tr","p":{"a":0,"k":[129.189,227.736],"ix":2},"a":{"a":0,"k":[0,0],"ix":1},"s":{"a":0,"k":[100,100],"ix":3},"r":{"a":0,"k":0,"ix":6},"o":{"a":0,"k":100,"ix":7},"sk":{"a":0,"k":0,"ix":4},"sa":{"a":0,"k":0,"ix":5},"nm":"Transform"}],"nm":"Group 14","np":2,"cix":2,"bm":0,"ix":12,"mn":"ADBE Vector Group","hd":false}],"ip":0,"op":900,"st":0,"bm":0},{"ddd":0,"ind":11,"ty":4,"nm":"ноут Outlines","sr":1,"ks":{"o":{"a":0,"k":100,"ix":11},"r":{"a":1,"k":[{"i":{"x":[0.667],"y":[1]},"o":{"x":[0.333],"y":[0]},"t":0,"s":[0]},{"i":{"x":[0.667],"y":[1]},"o":{"x":[0.333],"y":[0]},"t":10,"s":[0]},{"i":{"x":[0.667],"y":[1]},"o":{"x":[0.333],"y":[0]},"t":19,"s":[-4]},{"i":{"x":[0.667],"y":[1]},"o":{"x":[0.333],"y":[0]},"t":27,"s":[0]},{"i":{"x":[0.667],"y":[1]},"o":{"x":[0.333],"y":[0]},"t":36,"s":[-4]},{"i":{"x":[0.667],"y":[1]},"o":{"x":[0.333],"y":[0]},"t":60,"s":[-4]},{"i":{"x":[0.667],"y":[1]},"o":{"x":[0.333],"y":[0]},"t":69,"s":[0]},{"i":{"x":[0.667],"y":[1]},"o":{"x":[0.333],"y":[0]},"t":78,"s":[-4]},{"t":177,"s":[0]}],"ix":10},"p":{"a":0,"k":[637.437,572.672,0],"ix":2},"a":{"a":0,"k":[167.797,291.758,0],"ix":1},"s":{"a":0,"k":[243,243,100],"ix":6}},"ao":0,"shapes":[{"ty":"gr","it":[{"ind":0,"ty":"sh","ix":1,"ks":{"a":0,"k":{"i":[[0.98,1.764],[1.68,0.225],[3.5,0.464],[4.353,1.052],[0.406,0.065],[0.955,-12.668],[-1.925,-1.429],[-3.362,-0.115],[-3.58,2.328],[-0.763,3.952],[-1.538,6.806]],"o":[[-1.039,-1.871],[-3.501,-0.466],[-4.431,-0.586],[-0.395,-0.095],[-2.875,12.372],[-0.243,3.225],[3.486,0.42],[4.08,0.139],[3.666,-2.384],[1.356,-6.846],[0.397,-1.756]],"v":[[17.763,-18.184],[12.339,-19.576],[1.811,-20.724],[-11.436,-22.793],[-12.643,-23.051],[-18.5,14.572],[-16.375,21.383],[-5.691,21.609],[8.174,20.724],[12.74,8.346],[16.963,-12.135]],"c":true},"ix":2},"nm":"Path 1","mn":"ADBE Vector Shape - Group","hd":false},{"ty":"fl","c":{"a":0,"k":[0.838741287531,0.874176922966,0.868261000689,1],"ix":4},"o":{"a":0,"k":100,"ix":5},"r":1,"bm":0,"nm":"Fill 1","mn":"ADBE Vector Graphic - Fill","hd":false},{"ty":"tr","p":{"a":0,"k":[181.765,290.459],"ix":2},"a":{"a":0,"k":[-4.321,21.914],"ix":1},"s":{"a":1,"k":[{"i":{"x":[0.833,0.833],"y":[0.833,0.833]},"o":{"x":[0.167,0.167],"y":[0.167,0.167]},"t":0,"s":[100,100]},{"i":{"x":[0.833,0.833],"y":[0.833,0.833]},"o":{"x":[0.167,0.167],"y":[0.167,0.167]},"t":10,"s":[100,100]},{"i":{"x":[0.833,0.833],"y":[0.833,0.833]},"o":{"x":[0.167,0.167],"y":[0.167,0.167]},"t":19,"s":[97,100]},{"i":{"x":[0.833,0.833],"y":[0.833,0.833]},"o":{"x":[0.167,0.167],"y":[0.167,0.167]},"t":27,"s":[100,100]},{"i":{"x":[0.833,0.833],"y":[0.833,0.833]},"o":{"x":[0.167,0.167],"y":[0.167,0.167]},"t":36,"s":[97,100]},{"i":{"x":[0.833,0.833],"y":[0.833,0.833]},"o":{"x":[0.167,0.167],"y":[0.167,0.167]},"t":60,"s":[100,100]},{"i":{"x":[0.833,0.833],"y":[0.833,0.833]},"o":{"x":[0.167,0.167],"y":[0.167,0.167]},"t":69,"s":[97,100]},{"t":78,"s":[100,100]}],"ix":3},"r":{"a":0,"k":0,"ix":6},"o":{"a":0,"k":100,"ix":7},"sk":{"a":0,"k":0,"ix":4},"sa":{"a":0,"k":0,"ix":5},"nm":"Transform"}],"nm":"Group 1","np":2,"cix":2,"bm":0,"ix":1,"mn":"ADBE Vector Group","hd":false},{"ty":"gr","it":[{"ind":0,"ty":"sh","ix":1,"ks":{"a":0,"k":{"i":[[3.666,-2.384],[4.08,0.138],[4.037,1.024],[-0.651,3.974],[-0.771,4.528],[-0.411,3.668],[-1.546,0.518],[-0.996,-0.241],[-4.431,-0.587],[-3.5,-0.467],[-1.039,-1.871],[0.396,-1.756],[1.356,-6.846]],"o":[[-3.58,2.328],[-4.147,-0.142],[-5.46,-1.385],[0.743,-4.539],[0.619,-3.64],[0.159,-1.42],[0.971,-0.325],[4.352,1.051],[3.5,0.463],[1.68,0.224],[0.981,1.764],[-1.539,6.805],[-0.762,3.952]],"v":[[10.909,20.846],[-2.956,21.732],[-16.018,21.089],[-17.35,5.34],[-15.031,-8.268],[-13.742,-19.301],[-11.725,-22.85],[-8.701,-22.67],[4.546,-20.601],[15.074,-19.453],[20.497,-18.062],[19.699,-12.012],[15.475,8.469]],"c":true},"ix":2},"nm":"Path 1","mn":"ADBE Vector Shape - Group","hd":false},{"ty":"fl","c":{"a":0,"k":[0.999999820485,0.999999760646,0.999999820485,1],"ix":4},"o":{"a":0,"k":100,"ix":5},"r":1,"bm":0,"nm":"Fill 1","mn":"ADBE Vector Graphic - Fill","hd":false},{"ty":"tr","p":{"a":0,"k":[181.499,290.953],"ix":2},"a":{"a":0,"k":[-1.852,22.531],"ix":1},"s":{"a":1,"k":[{"i":{"x":[0.833,0.833],"y":[0.833,0.833]},"o":{"x":[0.167,0.167],"y":[0.167,0.167]},"t":0,"s":[100,100]},{"i":{"x":[0.833,0.833],"y":[0.833,0.833]},"o":{"x":[0.167,0.167],"y":[0.167,0.167]},"t":10,"s":[100,100]},{"i":{"x":[0.833,0.833],"y":[0.833,0.833]},"o":{"x":[0.167,0.167],"y":[0.167,0.167]},"t":19,"s":[97,100]},{"i":{"x":[0.833,0.833],"y":[0.833,0.833]},"o":{"x":[0.167,0.167],"y":[0.167,0.167]},"t":27,"s":[100,100]},{"i":{"x":[0.833,0.833],"y":[0.833,0.833]},"o":{"x":[0.167,0.167],"y":[0.167,0.167]},"t":36,"s":[97,100]},{"i":{"x":[0.833,0.833],"y":[0.833,0.833]},"o":{"x":[0.167,0.167],"y":[0.167,0.167]},"t":60,"s":[100,100]},{"i":{"x":[0.833,0.833],"y":[0.833,0.833]},"o":{"x":[0.167,0.167],"y":[0.167,0.167]},"t":69,"s":[97,100]},{"t":78,"s":[100,100]}],"ix":3},"r":{"a":0,"k":0,"ix":6},"o":{"a":0,"k":100,"ix":7},"sk":{"a":0,"k":0,"ix":4},"sa":{"a":0,"k":0,"ix":5},"nm":"Transform"}],"nm":"Group 2","np":2,"cix":2,"bm":0,"ix":2,"mn":"ADBE Vector Group","hd":false},{"ty":"gr","it":[{"ind":0,"ty":"sh","ix":1,"ks":{"a":0,"k":{"i":[[0.023,0.011],[0.275,0.028],[9.858,1.367],[1.191,-0.887],[0.173,-1.002],[0.271,-1.645],[0.542,-3.289],[1.048,-6.49],[-3.024,-1.892],[-3.657,-0.124],[-4.651,1.023],[-0.88,3.404],[-1.106,6.191],[-0.528,3.055],[-0.271,1.527],[1.295,0.707]],"o":[[-0.25,-0.116],[-9.904,-1],[-1.297,-0.179],[-0.912,0.679],[-0.285,1.643],[-0.541,3.288],[-1.067,6.486],[-0.483,2.988],[3.309,2.069],[4.718,0.161],[3.59,-0.789],[1.574,-6.09],[0.546,-3.051],[0.263,-1.527],[0.182,-1.025],[-0.022,-0.013]],"v":[[20.796,-19.662],[19.988,-19.84],[-9.635,-23.575],[-14.346,-23.649],[-15.324,-20.56],[-16.135,-15.624],[-17.76,-5.758],[-20.941,13.705],[-19.135,22.043],[-6.504,23.38],[8.344,23.513],[14.593,16.675],[18.482,-1.783],[20.076,-10.947],[20.876,-15.527],[20.864,-19.627]],"c":true},"ix":2},"nm":"Path 1","mn":"ADBE Vector Shape - Group","hd":false},{"ty":"fl","c":{"a":0,"k":[0,0,0,1],"ix":4},"o":{"a":0,"k":100,"ix":5},"r":1,"bm":0,"nm":"Fill 1","mn":"ADBE Vector Graphic - Fill","hd":false},{"ty":"tr","p":{"a":0,"k":[180.337,290.98],"ix":2},"a":{"a":0,"k":[-3.807,22.84],"ix":1},"s":{"a":1,"k":[{"i":{"x":[0.833,0.833],"y":[0.833,0.833]},"o":{"x":[0.167,0.167],"y":[0.167,0.167]},"t":0,"s":[100,100]},{"i":{"x":[0.833,0.833],"y":[0.833,0.833]},"o":{"x":[0.167,0.167],"y":[0.167,0.167]},"t":10,"s":[100,100]},{"i":{"x":[0.833,0.833],"y":[0.833,0.833]},"o":{"x":[0.167,0.167],"y":[0.167,0.167]},"t":19,"s":[97,100]},{"i":{"x":[0.833,0.833],"y":[0.833,0.833]},"o":{"x":[0.167,0.167],"y":[0.167,0.167]},"t":27,"s":[100,100]},{"i":{"x":[0.833,0.833],"y":[0.833,0.833]},"o":{"x":[0.167,0.167],"y":[0.167,0.167]},"t":36,"s":[97,100]},{"i":{"x":[0.833,0.833],"y":[0.833,0.833]},"o":{"x":[0.167,0.167],"y":[0.167,0.167]},"t":60,"s":[100,100]},{"i":{"x":[0.833,0.833],"y":[0.833,0.833]},"o":{"x":[0.167,0.167],"y":[0.167,0.167]},"t":69,"s":[97,100]},{"t":78,"s":[100,100]}],"ix":3},"r":{"a":0,"k":0,"ix":6},"o":{"a":0,"k":100,"ix":7},"sk":{"a":0,"k":0,"ix":4},"sa":{"a":0,"k":0,"ix":5},"nm":"Transform"}],"nm":"Group 3","np":2,"cix":2,"bm":0,"ix":3,"mn":"ADBE Vector Group","hd":false},{"ty":"gr","it":[{"ind":0,"ty":"sh","ix":1,"ks":{"a":0,"k":{"i":[[5.078,0.096],[4.407,0.086],[2.227,0.035],[1.089,0.015],[0.419,0.851],[-0.021,0.43],[-0.723,-0.018],[-2.379,-0.065],[-4.757,-0.126],[-4.875,-0.134],[-2.437,-0.062],[-1.245,-0.029],[0.189,-1.228],[0.58,-0.345],[0.77,0.071],[1.095,0.026],[2.591,0.049]],"o":[[-4.407,-0.083],[-2.228,-0.043],[-1.09,-0.017],[-0.886,-0.011],[-0.19,-0.387],[0.051,-1.048],[2.379,0.064],[4.758,0.126],[4.875,0.131],[2.437,0.066],[1.245,0.032],[0.699,0.017],[-0.092,0.596],[-0.71,0.422],[-1.09,-0.101],[-2.59,-0.058],[-5.078,-0.097]],"v":[[-1.991,1.571],[-15.212,1.306],[-21.894,1.188],[-25.163,1.138],[-27.33,0.068],[-27.716,-1.387],[-22.751,-1.779],[-15.614,-1.586],[-1.34,-1.207],[13.284,-0.802],[20.596,-0.609],[24.331,-0.517],[27.549,0.181],[26.804,2.013],[24.302,2.123],[21.015,2.009],[13.243,1.849]],"c":true},"ix":2},"nm":"Path 1","mn":"ADBE Vector Shape - Group","hd":false},{"ty":"fl","c":{"a":0,"k":[0.999999820485,0.999999760646,0.999999820485,1],"ix":4},"o":{"a":0,"k":100,"ix":5},"r":1,"bm":0,"nm":"Fill 1","mn":"ADBE Vector Graphic - Fill","hd":false},{"ty":"tr","p":{"a":0,"k":[162.893,290.571],"ix":2},"a":{"a":0,"k":[0,0],"ix":1},"s":{"a":0,"k":[100,100],"ix":3},"r":{"a":0,"k":0,"ix":6},"o":{"a":0,"k":100,"ix":7},"sk":{"a":0,"k":0,"ix":4},"sa":{"a":0,"k":0,"ix":5},"nm":"Transform"}],"nm":"Group 4","np":2,"cix":2,"bm":0,"ix":4,"mn":"ADBE Vector Group","hd":false},{"ty":"gr","it":[{"ind":0,"ty":"sh","ix":1,"ks":{"a":0,"k":{"i":[[-0.474,-0.022],[-0.583,0.331],[-0.144,0.726],[1.246,0.17],[2.416,0.074],[5.201,0.113],[1.975,0.053],[0,0],[2.334,0.062],[1.143,0.031],[0.647,-0.437],[-0.369,-1.075],[-0.913,-0.575],[-1.302,-0.024],[0,0],[-3.565,-0.067],[-7.131,-0.134],[-1.997,-0.038],[-1.327,-0.013]],"o":[[0.765,0.035],[0.685,-0.389],[0.2,-1.006],[-2.386,-0.326],[-5.201,-0.161],[-1.975,-0.044],[0,0],[-2.334,-0.063],[-1.143,-0.031],[-0.738,-0.019],[-1.019,0.685],[0.33,0.965],[1.179,0.743],[0,0],[3.566,0.067],[7.132,0.134],[1.997,0.038],[1.327,0.025],[0.397,0.004]],"v":[[25.617,3.611],[27.757,3.295],[29.017,0.891],[28.023,-1.883],[20.616,-2.124],[5.013,-2.494],[-0.913,-2.637],[-14.773,-3.006],[-21.774,-3.193],[-25.203,-3.285],[-28.185,-3.209],[-28.899,-0.27],[-27.128,2.351],[-23.126,2.656],[-17.778,2.757],[-7.081,2.958],[14.313,3.36],[20.303,3.473],[24.283,3.542]],"c":true},"ix":2},"nm":"Path 1","mn":"ADBE Vector Shape - Group","hd":false},{"ty":"fl","c":{"a":0,"k":[0,0,0,1],"ix":4},"o":{"a":0,"k":100,"ix":5},"r":1,"bm":0,"nm":"Fill 1","mn":"ADBE Vector Graphic - Fill","hd":false},{"ty":"tr","p":{"a":0,"k":[162.774,290.548],"ix":2},"a":{"a":0,"k":[0,0],"ix":1},"s":{"a":0,"k":[100,100],"ix":3},"r":{"a":0,"k":0,"ix":6},"o":{"a":0,"k":100,"ix":7},"sk":{"a":0,"k":0,"ix":4},"sa":{"a":0,"k":0,"ix":5},"nm":"Transform"}],"nm":"Group 5","np":2,"cix":2,"bm":0,"ix":5,"mn":"ADBE Vector Group","hd":false}],"ip":0,"op":900,"st":0,"bm":0},{"ddd":0,"ind":12,"ty":4,"nm":"рука 1","sr":1,"ks":{"o":{"a":0,"k":100,"ix":11},"r":{"a":1,"k":[{"i":{"x":[0.667],"y":[1]},"o":{"x":[0.333],"y":[0]},"t":0,"s":[0]},{"i":{"x":[0.667],"y":[1]},"o":{"x":[0.333],"y":[0]},"t":10,"s":[-8]},{"i":{"x":[0.667],"y":[1]},"o":{"x":[0.333],"y":[0]},"t":19,"s":[8]},{"i":{"x":[0.667],"y":[1]},"o":{"x":[0.333],"y":[0]},"t":27,"s":[-8]},{"i":{"x":[0.667],"y":[1]},"o":{"x":[0.333],"y":[0]},"t":36,"s":[8]},{"i":{"x":[0.667],"y":[1]},"o":{"x":[0.333],"y":[0]},"t":60,"s":[-8]},{"i":{"x":[0.667],"y":[1]},"o":{"x":[0.333],"y":[0]},"t":69,"s":[8]},{"t":79,"s":[0]}],"ix":10},"p":{"a":0,"k":[442,481,0],"ix":2},"a":{"a":0,"k":[-98,-59,0],"ix":1},"s":{"a":0,"k":[100,100,100],"ix":6}},"ao":0,"shapes":[{"ty":"gr","it":[{"ind":0,"ty":"sh","ix":1,"ks":{"a":0,"k":{"i":[[15,9.25],[18.5,-29],[0,0],[0.847,1.977]],"o":[[-3.331,-2.054],[-20.568,32.242],[0,0],[-1.5,-3.5]],"v":[[-80.5,-84.75],[-119.25,-70],[-113.75,26],[-52.5,-4.25]],"c":true},"ix":2},"nm":"Path 1","mn":"ADBE Vector Shape - Group","hd":false},{"ty":"st","c":{"a":0,"k":[0,0,0,1],"ix":3},"o":{"a":0,"k":100,"ix":4},"w":{"a":0,"k":3,"ix":5},"lc":1,"lj":1,"ml":4,"bm":0,"nm":"Stroke 1","mn":"ADBE Vector Graphic - Stroke","hd":false},{"ty":"tr","p":{"a":0,"k":[0,0],"ix":2},"a":{"a":0,"k":[0,0],"ix":1},"s":{"a":0,"k":[100,100],"ix":3},"r":{"a":0,"k":0,"ix":6},"o":{"a":0,"k":100,"ix":7},"sk":{"a":0,"k":0,"ix":4},"sa":{"a":0,"k":0,"ix":5},"nm":"Transform"}],"nm":"Shape 2","np":3,"cix":2,"bm":0,"ix":1,"mn":"ADBE Vector Group","hd":false},{"ty":"gr","it":[{"ind":0,"ty":"sh","ix":1,"ks":{"a":1,"k":[{"i":{"x":0.667,"y":1},"o":{"x":0.333,"y":0},"t":0,"s":[{"i":[[12.5,-2],[-3.5,-47.5],[-24.5,-10.25],[-18,14.5],[0,0],[-10.375,6.625],[-3.375,-2.125],[-5.125,-1.875],[0.375,3],[0,0],[-4.25,-2.75],[1.5,7],[0,0],[-7.5,-0.5],[1,2],[6,1.5],[21.5,-21],[7,0],[6.5,35]],"o":[[-12.5,2],[3.5,47.5],[24.5,10.25],[18,-14.5],[0,0],[10.375,-6.625],[7.088,4.463],[5.125,1.875],[-0.375,-3],[0,0],[4.25,2.75],[-1.5,-7],[0,0],[7.5,0.5],[-1,-2],[-6,-1.5],[-21.5,21],[-7,0],[-11.122,-59.888]],"v":[[-96,-88.5],[-126.5,-25],[-70,78.75],[-7.25,66.25],[33.625,15.625],[40.375,19],[35.125,-2.75],[46.375,11.875],[51,2.875],[42,-13.375],[54,2],[60.75,-3],[49.25,-19.25],[66,-9.25],[69.75,-17.25],[52.5,-30],[3.5,-8.5],[-31.5,14],[-57,-23]],"c":true}]},{"i":{"x":0.667,"y":1},"o":{"x":0.333,"y":0},"t":10,"s":[{"i":[[12.5,-2],[-3.5,-47.5],[-24.5,-10.25],[-18,14.5],[0,0],[-10.375,6.625],[-3.375,-2.125],[-5.125,-1.875],[0.375,3],[0,0],[-4.25,-2.75],[1.5,7],[0,0],[-7.5,-0.5],[1,2],[6,1.5],[21.5,-21],[7,0],[6.5,35]],"o":[[-12.5,2],[3.5,47.5],[24.5,10.25],[18,-14.5],[0,0],[10.375,-6.625],[7.088,4.463],[5.125,1.875],[-0.375,-3],[0,0],[4.25,2.75],[-1.5,-7],[0,0],[7.5,0.5],[-1,-2],[-6,-1.5],[-21.5,21],[-7,0],[-11.122,-59.888]],"v":[[-96,-88.5],[-126.5,-25],[-70,78.75],[-7.25,66.25],[33.625,15.625],[40.375,19],[35.125,-2.75],[46.375,11.875],[51,2.875],[42,-13.375],[54,2],[60.75,-3],[49.25,-19.25],[66,-9.25],[69.75,-17.25],[52.5,-30],[3.5,-8.5],[-31.5,14],[-57,-23]],"c":true}]},{"i":{"x":0.667,"y":1},"o":{"x":0.333,"y":0},"t":19,"s":[{"i":[[12.5,-2],[-3.5,-47.5],[-24.5,-10.25],[-18,14.5],[0,0],[-10.375,6.625],[-3.375,-2.125],[-4.112,3.588],[0.375,3],[0,0],[-4.25,-2.75],[-2.264,4.813],[0,0],[-7.028,2.665],[1,2],[6,1.5],[21.5,-21],[7,0],[6.5,35]],"o":[[-12.5,2],[3.5,47.5],[24.5,10.25],[18,-14.5],[0,0],[10.375,-6.625],[7.088,4.463],[4.177,-3.645],[-0.375,-3],[0,0],[4.25,2.75],[3.047,-6.478],[0,0],[6.73,-2.552],[-1,-2],[-6,-1.5],[-21.5,21],[-7,0],[-11.122,-59.888]],"v":[[-96,-88.5],[-126.5,-25],[-70,78.75],[-7.25,66.25],[34.071,6.222],[39.196,8.815],[38.289,5.389],[53.933,15.357],[58.558,6.357],[45.164,-5.236],[60.56,9.157],[70.346,6.002],[52.414,-11.111],[70.9,-3.122],[72.914,-9.111],[55.664,-21.861],[3.5,-8.5],[-31.5,14],[-57,-23]],"c":true}]},{"i":{"x":0.667,"y":1},"o":{"x":0.333,"y":0},"t":27,"s":[{"i":[[12.5,-2],[-3.5,-47.5],[-24.5,-10.25],[-18,14.5],[0,0],[-10.375,6.625],[-3.375,-2.125],[-5.125,-1.875],[0.375,3],[0,0],[-4.25,-2.75],[1.5,7],[0,0],[-7.5,-0.5],[1,2],[6,1.5],[21.5,-21],[7,0],[6.5,35]],"o":[[-12.5,2],[3.5,47.5],[24.5,10.25],[18,-14.5],[0,0],[10.375,-6.625],[7.088,4.463],[5.125,1.875],[-0.375,-3],[0,0],[4.25,2.75],[-1.5,-7],[0,0],[7.5,0.5],[-1,-2],[-6,-1.5],[-21.5,21],[-7,0],[-11.122,-59.888]],"v":[[-96,-88.5],[-126.5,-25],[-70,78.75],[-7.25,66.25],[33.625,15.625],[40.375,19],[35.125,-2.75],[46.375,11.875],[51,2.875],[42,-13.375],[54,2],[60.75,-3],[49.25,-19.25],[66,-9.25],[69.75,-17.25],[52.5,-30],[3.5,-8.5],[-31.5,14],[-57,-23]],"c":true}]},{"i":{"x":0.667,"y":1},"o":{"x":0.333,"y":0},"t":36,"s":[{"i":[[12.5,-2],[-3.5,-47.5],[-24.5,-10.25],[-18,14.5],[0,0],[-10.375,6.625],[-3.375,-2.125],[-4.112,3.588],[0.375,3],[0,0],[-4.25,-2.75],[-2.264,4.813],[0,0],[-7.028,2.665],[1,2],[6,1.5],[21.5,-21],[7,0],[6.5,35]],"o":[[-12.5,2],[3.5,47.5],[24.5,10.25],[18,-14.5],[0,0],[10.375,-6.625],[7.088,4.463],[4.177,-3.645],[-0.375,-3],[0,0],[4.25,2.75],[3.047,-6.478],[0,0],[6.73,-2.552],[-1,-2],[-6,-1.5],[-21.5,21],[-7,0],[-11.122,-59.888]],"v":[[-96,-88.5],[-126.5,-25],[-70,78.75],[-7.25,66.25],[34.071,6.222],[39.196,8.815],[38.289,5.389],[53.933,15.357],[58.558,6.357],[45.164,-5.236],[60.56,9.157],[70.346,6.002],[52.414,-11.111],[70.9,-3.122],[72.914,-9.111],[55.664,-21.861],[3.5,-8.5],[-31.5,14],[-57,-23]],"c":true}]},{"i":{"x":0.667,"y":1},"o":{"x":0.333,"y":0},"t":60,"s":[{"i":[[12.5,-2],[-3.5,-47.5],[-24.5,-10.25],[-18,14.5],[0,0],[-10.375,6.625],[-3.375,-2.125],[-5.125,-1.875],[0.375,3],[0,0],[-4.25,-2.75],[1.5,7],[0,0],[-7.5,-0.5],[1,2],[6,1.5],[21.5,-21],[7,0],[6.5,35]],"o":[[-12.5,2],[3.5,47.5],[24.5,10.25],[18,-14.5],[0,0],[10.375,-6.625],[7.088,4.463],[5.125,1.875],[-0.375,-3],[0,0],[4.25,2.75],[-1.5,-7],[0,0],[7.5,0.5],[-1,-2],[-6,-1.5],[-21.5,21],[-7,0],[-11.122,-59.888]],"v":[[-96,-88.5],[-126.5,-25],[-70,78.75],[-7.25,66.25],[33.625,15.625],[40.375,19],[35.125,-2.75],[46.375,11.875],[51,2.875],[42,-13.375],[54,2],[60.75,-3],[49.25,-19.25],[66,-9.25],[69.75,-17.25],[52.5,-30],[3.5,-8.5],[-31.5,14],[-57,-23]],"c":true}]},{"i":{"x":0.667,"y":1},"o":{"x":0.333,"y":0},"t":69,"s":[{"i":[[12.5,-2],[-3.5,-47.5],[-24.5,-10.25],[-18,14.5],[0,0],[-10.375,6.625],[-3.375,-2.125],[-4.112,3.588],[0.375,3],[0,0],[-4.25,-2.75],[-2.264,4.813],[0,0],[-7.028,2.665],[1,2],[6,1.5],[21.5,-21],[7,0],[6.5,35]],"o":[[-12.5,2],[3.5,47.5],[24.5,10.25],[18,-14.5],[0,0],[10.375,-6.625],[7.088,4.463],[4.177,-3.645],[-0.375,-3],[0,0],[4.25,2.75],[3.047,-6.478],[0,0],[6.73,-2.552],[-1,-2],[-6,-1.5],[-21.5,21],[-7,0],[-11.122,-59.888]],"v":[[-96,-88.5],[-126.5,-25],[-70,78.75],[-7.25,66.25],[34.071,6.222],[39.196,8.815],[38.289,5.389],[53.933,15.357],[58.558,6.357],[45.164,-5.236],[60.56,9.157],[70.346,6.002],[52.414,-11.111],[70.9,-3.122],[72.914,-9.111],[55.664,-21.861],[3.5,-8.5],[-31.5,14],[-57,-23]],"c":true}]},{"t":79,"s":[{"i":[[12.5,-2],[-3.5,-47.5],[-24.5,-10.25],[-18,14.5],[0,0],[-10.375,6.625],[-3.375,-2.125],[-5.125,-1.875],[0.375,3],[0,0],[-4.25,-2.75],[1.5,7],[0,0],[-7.5,-0.5],[1,2],[6,1.5],[21.5,-21],[7,0],[6.5,35]],"o":[[-12.5,2],[3.5,47.5],[24.5,10.25],[18,-14.5],[0,0],[10.375,-6.625],[7.088,4.463],[5.125,1.875],[-0.375,-3],[0,0],[4.25,2.75],[-1.5,-7],[0,0],[7.5,0.5],[-1,-2],[-6,-1.5],[-21.5,21],[-7,0],[-11.122,-59.888]],"v":[[-96,-88.5],[-126.5,-25],[-70,78.75],[-7.25,66.25],[33.625,15.625],[40.375,19],[35.125,-2.75],[46.375,11.875],[51,2.875],[42,-13.375],[54,2],[60.75,-3],[49.25,-19.25],[66,-9.25],[69.75,-17.25],[52.5,-30],[3.5,-8.5],[-31.5,14],[-57,-23]],"c":true}]}],"ix":2},"nm":"Path 1","mn":"ADBE Vector Shape - Group","hd":false},{"ty":"st","c":{"a":0,"k":[0,0,0,1],"ix":3},"o":{"a":0,"k":100,"ix":4},"w":{"a":0,"k":4,"ix":5},"lc":1,"lj":1,"ml":4,"bm":0,"nm":"Stroke 1","mn":"ADBE Vector Graphic - Stroke","hd":false},{"ty":"fl","c":{"a":0,"k":[1,1,1,1],"ix":4},"o":{"a":0,"k":100,"ix":5},"r":1,"bm":0,"nm":"Fill 1","mn":"ADBE Vector Graphic - Fill","hd":false},{"ty":"tr","p":{"a":0,"k":[0,0],"ix":2},"a":{"a":0,"k":[0,0],"ix":1},"s":{"a":0,"k":[100,100],"ix":3},"r":{"a":0,"k":0,"ix":6},"o":{"a":0,"k":100,"ix":7},"sk":{"a":0,"k":0,"ix":4},"sa":{"a":0,"k":0,"ix":5},"nm":"Transform"}],"nm":"Shape 1","np":3,"cix":2,"bm":0,"ix":2,"mn":"ADBE Vector Group","hd":false}],"ip":0,"op":900,"st":0,"bm":0},{"ddd":0,"ind":13,"ty":4,"nm":"тело и ноги Outlines","sr":1,"ks":{"o":{"a":0,"k":100,"ix":11},"r":{"a":0,"k":0,"ix":10},"p":{"a":0,"k":[607.463,609.48,0],"ix":2},"a":{"a":0,"k":[155.462,306.905,0],"ix":1},"s":{"a":0,"k":[243,243,100],"ix":6}},"ao":0,"shapes":[{"ty":"gr","it":[{"ind":0,"ty":"sh","ix":1,"ks":{"a":0,"k":{"i":[[5.642,9.646],[9.141,-3.626],[13.221,2.896],[1.731,12.4],[-14.123,7.385],[0,0],[3.95,-1.917],[-0.843,0.411],[-20.214,-12.565],[-1.794,-20.512],[-0.066,-0.099],[9.621,-0.229]],"o":[[-6.079,-10.394],[-12.241,4.855],[-11.795,-2.584],[15.39,-4.125],[0,0],[-4.3,1.835],[-0.846,0.411],[19.026,-9.235],[19.314,12.008],[0.012,0.141],[-7.058,6.556],[-0.58,-11.057]],"v":[[27.076,7.471],[1.563,4.557],[-37.333,10.471],[-61.208,-13.044],[-16.842,-30.341],[-14.517,-27.207],[-26.932,-21.475],[-26.195,-20.214],[37.262,-27.867],[61.079,29.638],[61.207,29.99],[35.514,40.432]],"c":true},"ix":2},"nm":"Path 1","mn":"ADBE Vector Shape - Group","hd":false},{"ty":"fl","c":{"a":0,"k":[0.972462912167,0.073228170357,0.259775049546,1],"ix":4},"o":{"a":0,"k":100,"ix":5},"r":1,"bm":0,"nm":"Fill 1","mn":"ADBE Vector Graphic - Fill","hd":false},{"ty":"tr","p":{"a":0,"k":[144.058,327.284],"ix":2},"a":{"a":0,"k":[0,0],"ix":1},"s":{"a":0,"k":[100,100],"ix":3},"r":{"a":0,"k":0,"ix":6},"o":{"a":0,"k":100,"ix":7},"sk":{"a":0,"k":0,"ix":4},"sa":{"a":0,"k":0,"ix":5},"nm":"Transform"}],"nm":"Group 1","np":2,"cix":2,"bm":0,"ix":1,"mn":"ADBE Vector Group","hd":false},{"ty":"gr","it":[{"ind":0,"ty":"sh","ix":1,"ks":{"a":0,"k":{"i":[[-0.042,0.347],[0.316,2.607],[0.73,4.073],[4.128,7.096],[5.832,3.5],[16.596,-6.908],[1.172,0.017],[0.193,-0.083],[7.502,-2.924],[4.387,-1.393],[2.214,-0.626],[1.04,-0.422],[-0.342,-1.073],[-8.191,-3.998],[-10.483,2.384],[-5.745,2.309],[-5.781,-3.82],[-1.638,-5.559],[-0.57,-3.895],[-0.158,-2.067],[-2.44,-0.165],[-2.888,0.781],[-2.935,1.664],[-1.386,1.037],[-0.446,1.464]],"o":[[0.327,-2.752],[-0.497,-4.108],[-1.44,-8.036],[-3.4,-5.844],[-16.061,-9.983],[-0.616,-0.83],[-0.209,-0.003],[-7.386,3.121],[-4.289,1.672],[-2.193,0.696],[-1.082,0.307],[-1.434,0.581],[2.723,8.571],[9.848,4.805],[6.046,-1.375],[5.689,-2.287],[5.17,3.417],[1.114,3.775],[0.301,2.051],[0.152,1.968],[3.021,0.205],[3.257,-0.88],[1.505,-0.854],[1.134,-0.848],[0.099,-0.322]],"v":[[63.023,28.094],[61.729,19.317],[59.973,7.031],[52.128,-16.05],[38.169,-30.652],[-12.97,-29.311],[-16.451,-33.42],[-17.053,-33.261],[-38.956,-23.327],[-51.973,-18.729],[-58.585,-16.746],[-61.915,-15.833],[-62.281,-12.322],[-46.038,7.443],[-14.275,9.761],[3.355,3.949],[21.984,2.084],[30.887,19.113],[33.406,30.639],[34.092,36.818],[36.355,40.43],[45.391,38.985],[54.725,35.141],[59.068,32.3],[62.816,29.099]],"c":true},"ix":2},"nm":"Path 1","mn":"ADBE Vector Shape - Group","hd":false},{"ty":"fl","c":{"a":0,"k":[0,0,0,1],"ix":4},"o":{"a":0,"k":100,"ix":5},"r":1,"bm":0,"nm":"Fill 1","mn":"ADBE Vector Graphic - Fill","hd":false},{"ty":"tr","p":{"a":0,"k":[143.889,328.807],"ix":2},"a":{"a":0,"k":[0,0],"ix":1},"s":{"a":0,"k":[100,100],"ix":3},"r":{"a":0,"k":0,"ix":6},"o":{"a":0,"k":100,"ix":7},"sk":{"a":0,"k":0,"ix":4},"sa":{"a":0,"k":0,"ix":5},"nm":"Transform"}],"nm":"Group 2","np":2,"cix":2,"bm":0,"ix":2,"mn":"ADBE Vector Group","hd":false},{"ty":"gr","it":[{"ind":0,"ty":"sh","ix":1,"ks":{"a":0,"k":{"i":[[0.703,-1.169],[0.91,-0.269],[7.819,-0.789],[3.2,0.918],[-2.669,3.697],[0.072,0.175],[-7.404,-1.121],[-3.31,-1.921],[-1.106,-1.345]],"o":[[-0.585,0.974],[-7.561,2.239],[-3.234,0.327],[-7.253,-2.085],[0.153,-0.211],[6.266,-3.977],[3.78,0.572],[1.501,0.871],[0.842,1.022]],"v":[[22.043,3.497],[18.44,5.224],[-5.087,9.378],[-15.493,9.602],[-15.575,-4.129],[-15.484,-4.723],[5.554,-9.398],[16.294,-5.64],[20.8,-2.406]],"c":true},"ix":2},"nm":"Path 1","mn":"ADBE Vector Shape - Group","hd":false},{"ty":"fl","c":{"a":0,"k":[0.999999820485,0.999999760646,0.999999820485,1],"ix":4},"o":{"a":0,"k":100,"ix":5},"r":1,"bm":0,"nm":"Fill 1","mn":"ADBE Vector Graphic - Fill","hd":false},{"ty":"tr","p":{"a":0,"k":[197.766,367.822],"ix":2},"a":{"a":0,"k":[0,0],"ix":1},"s":{"a":0,"k":[100,100],"ix":3},"r":{"a":0,"k":0,"ix":6},"o":{"a":0,"k":100,"ix":7},"sk":{"a":0,"k":0,"ix":4},"sa":{"a":0,"k":0,"ix":5},"nm":"Transform"}],"nm":"Group 3","np":2,"cix":2,"bm":0,"ix":3,"mn":"ADBE Vector Group","hd":false},{"ty":"gr","it":[{"ind":0,"ty":"sh","ix":1,"ks":{"a":0,"k":{"i":[[4.19,1.642],[8.746,-5.893],[-0.227,-0.316],[-1.921,-4.207],[-3.378,0.088],[-5.834,0.991],[-4.337,2.549]],"o":[[-9.891,-3.876],[-0.417,0.28],[-2.41,3.39],[1.553,3.401],[5.922,-0.155],[4.865,-0.827],[8.535,-5.015]],"v":[[8.54,-8.295],[-21.102,-4.757],[-21.272,-3.667],[-24.296,8.172],[-15.734,12.082],[2.023,10.046],[17.682,6.199]],"c":true},"ix":2},"nm":"Path 1","mn":"ADBE Vector Shape - Group","hd":false},{"ty":"fl","c":{"a":0,"k":[0,0,0,1],"ix":4},"o":{"a":0,"k":100,"ix":5},"r":1,"bm":0,"nm":"Fill 1","mn":"ADBE Vector Graphic - Fill","hd":false},{"ty":"tr","p":{"a":0,"k":[201.86,367.099],"ix":2},"a":{"a":0,"k":[0,0],"ix":1},"s":{"a":0,"k":[100,100],"ix":3},"r":{"a":0,"k":0,"ix":6},"o":{"a":0,"k":100,"ix":7},"sk":{"a":0,"k":0,"ix":4},"sa":{"a":0,"k":0,"ix":5},"nm":"Transform"}],"nm":"Group 4","np":2,"cix":2,"bm":0,"ix":4,"mn":"ADBE Vector Group","hd":false},{"ty":"gr","it":[{"ind":0,"ty":"sh","ix":1,"ks":{"a":0,"k":{"i":[[6.631,-0.229],[14.5,7.127],[8.042,-0.42],[4.247,1.638],[-1.828,5.953],[0.03,0.114],[-20.655,-9.58],[-0.427,-21.364]],"o":[[-5.127,-14.542],[-7.4,-3.638],[-4.473,0.233],[-5.412,-2.087],[0.044,-0.143],[19.628,-8.041],[21.576,10.007],[-5.726,3.396]],"v":[[27.146,35.832],[0.097,-0.925],[-22.688,-3.958],[-36.098,-5.294],[-43.875,-18.731],[-43.87,-19.112],[19.273,-26.252],[45.702,30.404]],"c":true},"ix":2},"nm":"Path 1","mn":"ADBE Vector Shape - Group","hd":false},{"ty":"fl","c":{"a":0,"k":[0.972462912167,0.073228170357,0.259775049546,1],"ix":4},"o":{"a":0,"k":100,"ix":5},"r":1,"bm":0,"nm":"Fill 1","mn":"ADBE Vector Graphic - Fill","hd":false},{"ty":"tr","p":{"a":0,"k":[171.19,319.469],"ix":2},"a":{"a":0,"k":[0,0],"ix":1},"s":{"a":0,"k":[100,100],"ix":3},"r":{"a":0,"k":0,"ix":6},"o":{"a":0,"k":100,"ix":7},"sk":{"a":0,"k":0,"ix":4},"sa":{"a":0,"k":0,"ix":5},"nm":"Transform"}],"nm":"Group 5","np":2,"cix":2,"bm":0,"ix":5,"mn":"ADBE Vector Group","hd":false},{"ty":"gr","it":[{"ind":0,"ty":"sh","ix":1,"ks":{"a":0,"k":{"i":[[21.357,10.679],[20.629,-8.473],[-0.605,-0.086],[-5.475,-2.488],[-8.718,-0.81],[-6.066,-17.1],[-0.746,0.008],[-6.316,3.837],[-0.014,0.01],[-0.049,0.065],[-0.01,0.017],[-0.017,0.063],[-0.004,0.047],[0.001,0.029]],"o":[[-21.635,-10.817],[-0.732,0.301],[-1.522,6.02],[8.325,3.782],[20.236,1.882],[-0.435,0.386],[7.39,-0.071],[0.015,-0.008],[0.067,-0.041],[0.012,-0.016],[0.031,-0.051],[0.012,-0.045],[0.002,-0.026],[-0.379,-21.538]],"v":[[20.969,-26.762],[-45.577,-19.792],[-45.536,-18.334],[-37.723,-4.116],[-11.423,-2.486],[25.561,36.287],[26.016,37.571],[46.708,31.676],[46.743,31.644],[46.915,31.485],[46.951,31.438],[47.02,31.269],[47.044,31.134],[47.057,31.06]],"c":true},"ix":2},"nm":"Path 1","mn":"ADBE Vector Shape - Group","hd":false},{"ty":"fl","c":{"a":0,"k":[0,0,0,1],"ix":4},"o":{"a":0,"k":100,"ix":5},"r":1,"bm":0,"nm":"Fill 1","mn":"ADBE Vector Graphic - Fill","hd":false},{"ty":"tr","p":{"a":0,"k":[171.306,319.233],"ix":2},"a":{"a":0,"k":[0,0],"ix":1},"s":{"a":0,"k":[100,100],"ix":3},"r":{"a":0,"k":0,"ix":6},"o":{"a":0,"k":100,"ix":7},"sk":{"a":0,"k":0,"ix":4},"sa":{"a":0,"k":0,"ix":5},"nm":"Transform"}],"nm":"Group 6","np":2,"cix":2,"bm":0,"ix":6,"mn":"ADBE Vector Group","hd":false},{"ty":"gr","it":[{"ind":0,"ty":"sh","ix":1,"ks":{"a":0,"k":{"i":[[0.703,-1.169],[0.91,-0.27],[7.819,-0.79],[3.2,0.919],[-2.669,3.696],[0.071,0.176],[-7.404,-1.121],[-3.31,-1.921],[-1.106,-1.344]],"o":[[-0.585,0.975],[-7.562,2.239],[-3.234,0.326],[-7.253,-2.085],[0.153,-0.212],[6.266,-3.977],[3.78,0.572],[1.501,0.871],[0.842,1.022]],"v":[[22.043,3.497],[18.44,5.224],[-5.087,9.378],[-15.493,9.601],[-15.575,-4.129],[-15.484,-4.724],[5.554,-9.399],[16.294,-5.641],[20.8,-2.407]],"c":true},"ix":2},"nm":"Path 1","mn":"ADBE Vector Shape - Group","hd":false},{"ty":"fl","c":{"a":0,"k":[0.999999820485,0.999999760646,0.999999820485,1],"ix":4},"o":{"a":0,"k":100,"ix":5},"r":1,"bm":0,"nm":"Fill 1","mn":"ADBE Vector Graphic - Fill","hd":false},{"ty":"tr","p":{"a":0,"k":[212.336,359.585],"ix":2},"a":{"a":0,"k":[0,0],"ix":1},"s":{"a":0,"k":[100,100],"ix":3},"r":{"a":0,"k":0,"ix":6},"o":{"a":0,"k":100,"ix":7},"sk":{"a":0,"k":0,"ix":4},"sa":{"a":0,"k":0,"ix":5},"nm":"Transform"}],"nm":"Group 7","np":2,"cix":2,"bm":0,"ix":7,"mn":"ADBE Vector Group","hd":false},{"ty":"gr","it":[{"ind":0,"ty":"sh","ix":1,"ks":{"a":0,"k":{"i":[[4.19,1.642],[8.747,-5.893],[-0.227,-0.316],[-1.921,-4.206],[-3.378,0.088],[-5.834,0.991],[-4.337,2.549]],"o":[[-9.891,-3.876],[-0.416,0.28],[-2.41,3.39],[1.553,3.401],[5.922,-0.154],[4.865,-0.826],[8.535,-5.016]],"v":[[8.54,-8.295],[-21.103,-4.757],[-21.272,-3.667],[-24.296,8.173],[-15.734,12.082],[2.023,10.046],[17.682,6.201]],"c":true},"ix":2},"nm":"Path 1","mn":"ADBE Vector Shape - Group","hd":false},{"ty":"fl","c":{"a":0,"k":[0,0,0,1],"ix":4},"o":{"a":0,"k":100,"ix":5},"r":1,"bm":0,"nm":"Fill 1","mn":"ADBE Vector Graphic - Fill","hd":false},{"ty":"tr","p":{"a":0,"k":[216.43,358.862],"ix":2},"a":{"a":0,"k":[0,0],"ix":1},"s":{"a":0,"k":[100,100],"ix":3},"r":{"a":0,"k":0,"ix":6},"o":{"a":0,"k":100,"ix":7},"sk":{"a":0,"k":0,"ix":4},"sa":{"a":0,"k":0,"ix":5},"nm":"Transform"}],"nm":"Group 8","np":2,"cix":2,"bm":0,"ix":8,"mn":"ADBE Vector Group","hd":false},{"ty":"gr","it":[{"ind":0,"ty":"sh","ix":1,"ks":{"a":0,"k":{"i":[[4.493,-9.05],[8.257,0.124],[5.685,6.902],[2.208,7.779],[0.137,8.605],[-2.823,8.76],[-8.354,-0.729],[-2.424,-0.889],[-2.139,-1.103],[-0.654,-13.046],[-3.131,-7.104]],"o":[[-4.152,8.362],[-8.556,-0.129],[-5.21,-6.328],[-2.349,-8.281],[-0.146,-9.165],[2.241,-6.958],[2.583,0.225],[2.258,0.827],[13.353,6.886],[0.385,7.668],[3.534,8.017]],"v":[[27.536,40.638],[4.629,50.072],[-17.796,41.361],[-28.137,18.819],[-31.882,-6.647],[-28.309,-34.13],[-11.52,-49.467],[-4.003,-47.59],[2.776,-44.891],[17.232,-8.23],[21.452,14.166]],"c":true},"ix":2},"nm":"Path 1","mn":"ADBE Vector Shape - Group","hd":false},{"ty":"fl","c":{"a":0,"k":[0.999999820485,0.999999760646,0.999999820485,1],"ix":4},"o":{"a":0,"k":100,"ix":5},"r":1,"bm":0,"nm":"Fill 1","mn":"ADBE Vector Graphic - Fill","hd":false},{"ty":"tr","p":{"a":0,"k":[107.42,285.348],"ix":2},"a":{"a":0,"k":[0,0],"ix":1},"s":{"a":0,"k":[100,100],"ix":3},"r":{"a":0,"k":0,"ix":6},"o":{"a":0,"k":100,"ix":7},"sk":{"a":0,"k":0,"ix":4},"sa":{"a":0,"k":0,"ix":5},"nm":"Transform"}],"nm":"Group 9","np":2,"cix":2,"bm":0,"ix":9,"mn":"ADBE Vector Group","hd":false},{"ty":"gr","it":[{"ind":0,"ty":"sh","ix":1,"ks":{"a":0,"k":{"i":[[2.486,7.877],[1.875,3.857],[0.538,6.561],[4.766,9.937],[3.213,2.394],[5.818,0.922],[1.76,-0.406],[2.384,-2.802],[1.019,-8.322],[-9.889,-16.909],[-8.651,-1.241],[-7.22,4.537]],"o":[[-1.297,-4.11],[-2.887,-5.94],[-0.877,-10.694],[-1.73,-3.608],[-4.751,-3.54],[-1.788,-0.282],[-3.597,0.828],[-5.611,6.595],[-2.35,19.212],[4.374,7.48],[8.153,1.17],[7.239,-4.55]],"v":[[30.826,26.687],[25.452,14.979],[20.683,-3.619],[15.798,-35.57],[8.267,-44.776],[-8.114,-51.31],[-13.496,-51.093],[-22.753,-45.365],[-30.962,-21.016],[-20.438,36.901],[-1.063,50.269],[24.368,47.054]],"c":true},"ix":2},"nm":"Path 1","mn":"ADBE Vector Shape - Group","hd":false},{"ty":"fl","c":{"a":0,"k":[0,0,0,1],"ix":4},"o":{"a":0,"k":100,"ix":5},"r":1,"bm":0,"nm":"Fill 1","mn":"ADBE Vector Graphic - Fill","hd":false},{"ty":"tr","p":{"a":0,"k":[105.759,286.093],"ix":2},"a":{"a":0,"k":[0,0],"ix":1},"s":{"a":0,"k":[100,100],"ix":3},"r":{"a":0,"k":0,"ix":6},"o":{"a":0,"k":100,"ix":7},"sk":{"a":0,"k":0,"ix":4},"sa":{"a":0,"k":0,"ix":5},"nm":"Transform"}],"nm":"Group 10","np":2,"cix":2,"bm":0,"ix":10,"mn":"ADBE Vector Group","hd":false}],"ip":0,"op":900,"st":0,"bm":0},{"ddd":0,"ind":14,"ty":4,"nm":"рука 2 Outlines","sr":1,"ks":{"o":{"a":0,"k":100,"ix":11},"r":{"a":1,"k":[{"i":{"x":[0.833],"y":[0.833]},"o":{"x":[0.167],"y":[0.167]},"t":87,"s":[44]},{"i":{"x":[0.833],"y":[0.833]},"o":{"x":[0.167],"y":[0.167]},"t":113,"s":[0]},{"i":{"x":[0.833],"y":[0.833]},"o":{"x":[0.167],"y":[0.167]},"t":152,"s":[0]},{"t":180,"s":[44]}],"ix":10},"p":{"a":1,"k":[{"i":{"x":0.833,"y":0.833},"o":{"x":0.167,"y":0.167},"t":87,"s":[489.345,498.427,0],"to":[0,0,0],"ti":[0,0,0]},{"i":{"x":0.833,"y":0.833},"o":{"x":0.167,"y":0.167},"t":113,"s":[516.345,498.427,0],"to":[0,0,0],"ti":[0,0,0]},{"i":{"x":0.833,"y":0.833},"o":{"x":0.167,"y":0.167},"t":152,"s":[516.345,498.427,0],"to":[0,0,0],"ti":[0,0,0]},{"t":180,"s":[489.345,498.427,0]}],"ix":2},"a":{"a":0,"k":[117.965,261.205,0],"ix":1},"s":{"a":0,"k":[243,243,100],"ix":6}},"ao":0,"shapes":[{"ty":"gr","it":[{"ind":0,"ty":"sh","ix":1,"ks":{"a":0,"k":{"i":[[1.131,-1.906],[0.897,-0.576],[-1.159,2.651],[-0.001,0.001],[-0.788,1.843],[-0.166,0.942]],"o":[[-0.536,0.903],[-1.23,0.79],[0.001,-0.001],[2.057,-0.331],[0.345,-0.805],[2.34,0.961]],"v":[[2.694,1.37],[0.551,3.776],[-3.15,1.957],[-3.149,1.953],[1.159,-1.94],[1.969,-4.608]],"c":true},"ix":2},"nm":"Path 1","mn":"ADBE Vector Shape - Group","hd":false},{"ty":"fl","c":{"a":0,"k":[0.999999820485,0.999999760646,0.999999820485,1],"ix":4},"o":{"a":0,"k":100,"ix":5},"r":1,"bm":0,"nm":"Fill 1","mn":"ADBE Vector Graphic - Fill","hd":false},{"ty":"tr","p":{"a":0,"k":[181.994,223.361],"ix":2},"a":{"a":0,"k":[0,0],"ix":1},"s":{"a":0,"k":[100,100],"ix":3},"r":{"a":0,"k":0,"ix":6},"o":{"a":0,"k":100,"ix":7},"sk":{"a":0,"k":0,"ix":4},"sa":{"a":0,"k":0,"ix":5},"nm":"Transform"}],"nm":"Group 1","np":2,"cix":2,"bm":0,"ix":1,"mn":"ADBE Vector Group","hd":false},{"ty":"gr","it":[{"ind":0,"ty":"sh","ix":1,"ks":{"a":0,"k":{"i":[[0.416,-0.334],[0.534,-0.646],[0.676,-3.355],[7.133,-7.045],[8.19,-1.235],[0,0.017],[0.362,9.304],[-1.288,0.471],[-4.783,10.654],[0.131,0.202],[0.07,0.142],[-2.613,2.413],[-1.608,-0.447],[3.21,-1.708],[0.779,0.248],[-0.895,-0.284],[-1.005,-0.01],[-1.532,0.123],[-1.187,-0.271],[-1.522,-0.642],[-0.295,-0.046]],"o":[[-0.692,0.556],[-2.268,2.743],[-1.945,9.653],[-5.901,5.831],[0,-0.016],[-0.363,-9.304],[1.329,-0.256],[11.405,-4.177],[0.122,-0.273],[0.013,-0.128],[-1.451,-2.961],[1.218,-1.125],[1.139,0.316],[-0.794,0.422],[-0.899,-0.286],[0.811,0.258],[0.334,1.417],[0.42,1.15],[-0.317,1.471],[0.288,0.122],[-0.344,0.352]],"v":[[19.682,-17.69],[17.007,-16.033],[14.13,-3.22],[2.04,22.082],[-19.723,33.02],[-19.717,32.977],[-20.803,5.067],[-16.868,3.986],[6.44,-21.148],[6.376,-21.877],[6.311,-22.281],[7.262,-31.419],[11.875,-32.573],[13.143,-28.49],[9.889,-28.946],[9.501,-27.537],[12.356,-27.053],[15.501,-24.808],[18.082,-22.55],[19.927,-18.946],[20.803,-18.709]],"c":true},"ix":2},"nm":"Path 1","mn":"ADBE Vector Shape - Group","hd":false},{"ty":"fl","c":{"a":0,"k":[0.999999820485,0.999999760646,0.999999820485,1],"ix":4},"o":{"a":0,"k":100,"ix":5},"r":1,"bm":0,"nm":"Fill 1","mn":"ADBE Vector Graphic - Fill","hd":false},{"ty":"tr","p":{"a":0,"k":[159.276,247.838],"ix":2},"a":{"a":0,"k":[0,0],"ix":1},"s":{"a":0,"k":[100,100],"ix":3},"r":{"a":0,"k":0,"ix":6},"o":{"a":0,"k":100,"ix":7},"sk":{"a":0,"k":0,"ix":4},"sa":{"a":0,"k":0,"ix":5},"nm":"Transform"}],"nm":"Group 2","np":2,"cix":2,"bm":0,"ix":2,"mn":"ADBE Vector Group","hd":false},{"ty":"gr","it":[{"ind":0,"ty":"sh","ix":1,"ks":{"a":0,"k":{"i":[[4.738,8.337],[-4.767,8.039],[-7.799,1.036],[-0.359,-9.222],[-0.025,-0.071],[0.169,-0.016]],"o":[[-4.901,-8.626],[4.934,6.49],[0.359,9.221],[0.004,0.086],[-0.169,0.019],[-8.836,0.881]],"v":[[-9.688,8.223],[-7.275,-18.473],[13.457,-10.358],[14.534,17.306],[14.589,17.531],[14.083,17.592]],"c":true},"ix":2},"nm":"Path 1","mn":"ADBE Vector Shape - Group","hd":false},{"ty":"fl","c":{"a":0,"k":[0.999999820485,0.999999760646,0.999999820485,1],"ix":4},"o":{"a":0,"k":100,"ix":5},"r":1,"bm":0,"nm":"Fill 1","mn":"ADBE Vector Graphic - Fill","hd":false},{"ty":"tr","p":{"a":0,"k":[123.563,263.509],"ix":2},"a":{"a":0,"k":[0,0],"ix":1},"s":{"a":0,"k":[100,100],"ix":3},"r":{"a":0,"k":0,"ix":6},"o":{"a":0,"k":100,"ix":7},"sk":{"a":0,"k":0,"ix":4},"sa":{"a":0,"k":0,"ix":5},"nm":"Transform"}],"nm":"Group 3","np":2,"cix":2,"bm":0,"ix":3,"mn":"ADBE Vector Group","hd":false},{"ty":"gr","it":[{"ind":0,"ty":"sh","ix":1,"ks":{"a":0,"k":{"i":[[-0.569,1.776],[-0.684,1.572],[-0.554,-2.885],[0.022,-0.261],[0.245,-0.986],[0.999,-2.001],[0.01,-0.029],[0.428,0.059],[0.797,-0.226]],"o":[[0.53,-1.657],[0.653,-1.501],[0.049,0.256],[0.093,0.939],[-0.539,2.172],[-0.015,0.029],[-0.435,-0.166],[-0.874,-0.119],[0.569,-1.776]],"v":[[-1.783,1.328],[0.083,-4.367],[3.441,-3.933],[3.375,-3.152],[2.709,0.508],[0.359,6.733],[0.336,6.818],[-0.971,6.476],[-3.49,6.658]],"c":true},"ix":2},"nm":"Path 1","mn":"ADBE Vector Shape - Group","hd":false},{"ty":"fl","c":{"a":0,"k":[0.999999820485,0.999999760646,0.999999820485,1],"ix":4},"o":{"a":0,"k":100,"ix":5},"r":1,"bm":0,"nm":"Fill 1","mn":"ADBE Vector Graphic - Fill","hd":false},{"ty":"tr","p":{"a":0,"k":[171.695,207.222],"ix":2},"a":{"a":0,"k":[0,0],"ix":1},"s":{"a":0,"k":[100,100],"ix":3},"r":{"a":0,"k":0,"ix":6},"o":{"a":0,"k":100,"ix":7},"sk":{"a":0,"k":0,"ix":4},"sa":{"a":0,"k":0,"ix":5},"nm":"Transform"}],"nm":"Group 4","np":2,"cix":2,"bm":0,"ix":4,"mn":"ADBE Vector Group","hd":false},{"ty":"gr","it":[{"ind":0,"ty":"sh","ix":1,"ks":{"a":0,"k":{"i":[[-0.172,-0.831],[0.265,-1.045],[0.55,-0.781],[0.225,-0.271],[1.122,1.103],[-0.118,1.372],[1.154,0.784],[-0.002,0.005],[-0.463,1.09],[-0.196,0.252]],"o":[[0.221,1.065],[-0.235,0.924],[-0.226,0.272],[-0.879,1.011],[0.992,-0.336],[0.124,-1.446],[0.002,-0.004],[0.28,-0.559],[0.22,0.078],[1.854,-2.375]],"v":[[2.392,-1.763],[2.253,1.646],[1.085,4.255],[0.409,5.069],[-2.594,4.918],[-0.733,2.485],[-2.613,-0.925],[-2.604,-0.936],[-1.432,-3.488],[-0.77,-3.705]],"c":true},"ix":2},"nm":"Path 1","mn":"ADBE Vector Shape - Group","hd":false},{"ty":"fl","c":{"a":0,"k":[0.999999820485,0.999999760646,0.999999820485,1],"ix":4},"o":{"a":0,"k":100,"ix":5},"r":1,"bm":0,"nm":"Fill 1","mn":"ADBE Vector Graphic - Fill","hd":false},{"ty":"tr","p":{"a":0,"k":[175.92,215.628],"ix":2},"a":{"a":0,"k":[0,0],"ix":1},"s":{"a":0,"k":[100,100],"ix":3},"r":{"a":0,"k":0,"ix":6},"o":{"a":0,"k":100,"ix":7},"sk":{"a":0,"k":0,"ix":4},"sa":{"a":0,"k":0,"ix":5},"nm":"Transform"}],"nm":"Group 5","np":2,"cix":2,"bm":0,"ix":5,"mn":"ADBE Vector Group","hd":false},{"ty":"gr","it":[{"ind":0,"ty":"sh","ix":1,"ks":{"a":0,"k":{"i":[[-0.534,1.572],[0.11,1.383],[0.655,-1.849],[1.132,-0.7],[0.609,1.369]],"o":[[0.404,-1.19],[3.173,-0.789],[-0.429,1.211],[-1.34,0.829],[1.56,-0.819]],"v":[[-0.264,-0.519],[0.255,-4.533],[2.417,1.344],[0.216,4.494],[-3.427,3.701]],"c":true},"ix":2},"nm":"Path 1","mn":"ADBE Vector Shape - Group","hd":false},{"ty":"fl","c":{"a":0,"k":[0.999999820485,0.999999760646,0.999999820485,1],"ix":4},"o":{"a":0,"k":100,"ix":5},"r":1,"bm":0,"nm":"Fill 1","mn":"ADBE Vector Graphic - Fill","hd":false},{"ty":"tr","p":{"a":0,"k":[179.626,218.914],"ix":2},"a":{"a":0,"k":[0,0],"ix":1},"s":{"a":0,"k":[100,100],"ix":3},"r":{"a":0,"k":0,"ix":6},"o":{"a":0,"k":100,"ix":7},"sk":{"a":0,"k":0,"ix":4},"sa":{"a":0,"k":0,"ix":5},"nm":"Transform"}],"nm":"Group 6","np":2,"cix":2,"bm":0,"ix":6,"mn":"ADBE Vector Group","hd":false},{"ty":"gr","it":[{"ind":0,"ty":"sh","ix":1,"ks":{"a":0,"k":{"i":[[4.824,1.292],[0.344,0.684],[1.608,-0.305],[0.492,0.571],[1.109,-0.405],[3.51,1.057],[0.659,-1.622],[1.243,-3.885],[-0.053,-0.131],[0.628,-1.249],[-1.328,-2.725],[9.272,-4.704],[6.41,9.033],[0.118,0.05],[0.338,-0.542],[-4.251,-9.191],[-9.358,0.356],[-2.282,20.096],[0,0],[-1.68,1.401],[-0.994,1.239],[-0.008,0.013],[-0.598,0.58]],"o":[[-0.015,-0.773],[-0.763,-1.51],[-0.209,-0.735],[-0.849,-0.988],[1.527,-4.194],[-2.035,-0.613],[-1.537,3.777],[-0.057,0.176],[-1.15,0.699],[-1.413,2.812],[-4.173,9.207],[-9.372,4.755],[-0.09,-0.126],[-0.252,-0.414],[-5.099,8.188],[4.195,9.068],[20.477,-0.782],[0,0],[0.462,-2.137],[1.2,-1],[0.01,-0.013],[0.787,-0.287],[2.682,-2.6]],"v":[[35.84,-23.723],[35.34,-25.935],[31.376,-28.013],[30.342,-30.003],[27.074,-30.942],[26.221,-41.513],[22.122,-38.592],[18.344,-26.833],[18.363,-26.378],[15.628,-23.383],[16.059,-14.691],[-3.184,8.124],[-31.124,2.801],[-31.442,2.543],[-32.714,2.499],[-36.412,30.019],[-12.988,41.77],[26.243,4.902],[28.221,-4.24],[30.671,-8.926],[33.941,-12.024],[33.965,-12.063],[36.083,-13.402]],"c":true},"ix":2},"nm":"Path 1","mn":"ADBE Vector Shape - Group","hd":false},{"ty":"fl","c":{"a":0,"k":[0,0,0,1],"ix":4},"o":{"a":0,"k":100,"ix":5},"r":1,"bm":0,"nm":"Fill 1","mn":"ADBE Vector Graphic - Fill","hd":false},{"ty":"tr","p":{"a":0,"k":[148.251,240.956],"ix":2},"a":{"a":0,"k":[0,0],"ix":1},"s":{"a":0,"k":[100,100],"ix":3},"r":{"a":0,"k":0,"ix":6},"o":{"a":0,"k":100,"ix":7},"sk":{"a":0,"k":0,"ix":4},"sa":{"a":0,"k":0,"ix":5},"nm":"Transform"}],"nm":"Group 7","np":2,"cix":2,"bm":0,"ix":7,"mn":"ADBE Vector Group","hd":false}],"ip":0,"op":900,"st":0,"bm":0},{"ddd":0,"ind":15,"ty":4,"nm":"стулai Outlines","sr":1,"ks":{"o":{"a":0,"k":100,"ix":11},"r":{"a":0,"k":0,"ix":10},"p":{"a":0,"k":[500.908,605.329,0],"ix":2},"a":{"a":0,"k":[111.613,305.197,0],"ix":1},"s":{"a":0,"k":[243,243,100],"ix":6}},"ao":0,"shapes":[{"ty":"gr","it":[{"ind":0,"ty":"sh","ix":1,"ks":{"a":0,"k":{"i":[[12.79,11.341],[5.996,2.884],[7.731,3.458],[6.222,5.335],[2.694,3.602],[1.556,4.301],[0.371,0.775],[3.732,0.854],[4.556,-3.396],[1.518,-7.233],[-8.805,-14.632],[-15.382,-2.927],[-8.882,2.025],[-5.933,1.116],[-0.058,-0.011],[10.492,-11.547],[13.309,-0.347],[15.141,2.238],[0.289,0.014],[1.101,0.092],[5.165,0.952],[7.394,4.396],[-3.465,-2.475],[-18.243,-0.976],[-19.11,3.856],[-4.865,17.118]],"o":[[-5,-4.434],[-7.636,-3.671],[-7.438,-3.328],[-3.423,-2.936],[-2.729,-3.649],[-0.293,-0.811],[-3.226,-2.275],[-5.165,-2.295],[-6.163,4.591],[-3.433,16.372],[8.071,13.414],[9.015,1.715],[5.91,-1.347],[0.048,0.02],[15.341,2.868],[-9.658,10.629],[-15.45,0.402],[-0.11,-0.199],[-1.108,-0.053],[-5.179,-0.814],[-8.271,-2.169],[2.786,3.125],[15.347,10.964],[19.422,1.038],[16.228,-3.273],[4.837,-17.023]],"v":[[61.508,-6.833],[44.631,-17.475],[21.328,-27.598],[0.265,-40.026],[-8.769,-50.072],[-15.478,-61.95],[-16.486,-64.323],[-26.919,-69.259],[-42.441,-67.047],[-52.699,-47.633],[-46.76,0.482],[-9.748,26.255],[17.051,25.066],[34.746,20.939],[34.889,20.998],[45.842,53.664],[6.876,65.01],[-38.946,61.768],[-39.535,61.4],[-42.848,61.18],[-58.361,58.51],[-81.966,48.62],[-72.604,57.068],[-18.552,70.516],[40.077,67.039],[77.129,38.896]],"c":true},"ix":2},"nm":"Path 1","mn":"ADBE Vector Shape - Group","hd":false},{"ty":"fl","c":{"a":0,"k":[0.838741287531,0.874176922966,0.868261000689,1],"ix":4},"o":{"a":0,"k":100,"ix":5},"r":1,"bm":0,"nm":"Fill 1","mn":"ADBE Vector Graphic - Fill","hd":false},{"ty":"tr","p":{"a":0,"k":[122.631,311.224],"ix":2},"a":{"a":0,"k":[0,0],"ix":1},"s":{"a":0,"k":[100,100],"ix":3},"r":{"a":0,"k":0,"ix":6},"o":{"a":0,"k":100,"ix":7},"sk":{"a":0,"k":0,"ix":4},"sa":{"a":0,"k":0,"ix":5},"nm":"Transform"}],"nm":"Group 5","np":2,"cix":2,"bm":0,"ix":5,"mn":"ADBE Vector Group","hd":false},{"ty":"gr","it":[{"ind":0,"ty":"sh","ix":1,"ks":{"a":0,"k":{"i":[[16.228,-3.273],[19.422,1.038],[15.347,10.964],[3.296,17.041],[-5.58,17.437],[-18.897,4.995],[-7.82,-3.432],[-2.916,-8.063],[-2.729,-3.649],[-3.422,-2.936],[-7.438,-3.328],[-7.636,-3.672],[-4.999,-4.434],[4.837,-17.023]],"o":[[-19.11,3.855],[-18.243,-0.976],[-14.371,-10.267],[-3.471,-17.945],[5.75,-17.965],[8.267,-2.185],[7.731,3.394],[1.556,4.301],[2.694,3.602],[6.222,5.335],[7.731,3.458],[5.996,2.884],[12.79,11.341],[-4.864,17.118]],"v":[[50.184,73.211],[-8.446,76.688],[-62.497,63.24],[-88.602,19.378],[-85.656,-35.957],[-48.006,-75.541],[-22.913,-73.514],[-5.372,-55.778],[1.338,-43.9],[10.372,-33.854],[31.434,-21.426],[54.737,-11.303],[71.615,-0.661],[87.235,45.068]],"c":true},"ix":2},"nm":"Path 1","mn":"ADBE Vector Shape - Group","hd":false},{"ty":"fl","c":{"a":0,"k":[0.999999820485,0.999999760646,0.999999820485,1],"ix":4},"o":{"a":0,"k":100,"ix":5},"r":1,"bm":0,"nm":"Fill 1","mn":"ADBE Vector Graphic - Fill","hd":false},{"ty":"tr","p":{"a":0,"k":[112.524,305.052],"ix":2},"a":{"a":0,"k":[0,0],"ix":1},"s":{"a":0,"k":[100,100],"ix":3},"r":{"a":0,"k":0,"ix":6},"o":{"a":0,"k":100,"ix":7},"sk":{"a":0,"k":0,"ix":4},"sa":{"a":0,"k":0,"ix":5},"nm":"Transform"}],"nm":"Group 6","np":2,"cix":2,"bm":0,"ix":6,"mn":"ADBE Vector Group","hd":false},{"ty":"gr","it":[{"ind":0,"ty":"sh","ix":1,"ks":{"a":0,"k":{"i":[[5.542,15.084],[17.753,7.385],[8.524,5.428],[2.329,2.045],[3.016,7.603],[3.431,3.397],[9.332,0.375],[9.294,-12.103],[0.491,-18.29],[-10.419,-15.725],[-17.731,-3.273],[-21.374,1.857],[-13.169,10.986]],"o":[[-6.966,-18.959],[-9.293,-3.865],[-2.613,-1.664],[-6.106,-5.364],[-1.765,-4.449],[-6.65,-6.584],[-15.673,-0.631],[-11.37,14.808],[-0.499,18.574],[10.079,15.211],[21.143,3.903],[16.417,-1.425],[12.618,-10.528]],"v":[[87.193,19.365],[45.395,-17.321],[18.109,-30.301],[10.655,-35.838],[-4.188,-55.963],[-11.755,-67.7],[-36.954,-78.534],[-76.55,-57.889],[-92.235,-5.55],[-79.074,48.007],[-36.277,74.92],[28.378,77.308],[76.837,63.024]],"c":true},"ix":2},"nm":"Path 1","mn":"ADBE Vector Shape - Group","hd":false},{"ty":"fl","c":{"a":0,"k":[0,0,0,1],"ix":4},"o":{"a":0,"k":100,"ix":5},"r":1,"bm":0,"nm":"Fill 1","mn":"ADBE Vector Graphic - Fill","hd":false},{"ty":"tr","p":{"a":0,"k":[112.861,305.281],"ix":2},"a":{"a":0,"k":[0,0],"ix":1},"s":{"a":0,"k":[100,100],"ix":3},"r":{"a":0,"k":0,"ix":6},"o":{"a":0,"k":100,"ix":7},"sk":{"a":0,"k":0,"ix":4},"sa":{"a":0,"k":0,"ix":5},"nm":"Transform"}],"nm":"Group 7","np":2,"cix":2,"bm":0,"ix":7,"mn":"ADBE Vector Group","hd":false}],"ip":0,"op":900,"st":0,"bm":0}],"markers":[]}